-1.350000023841858,0.25,2.325000047683716,-1.03000009059906,4.0,2.4049999713897705
-1.350000023841858,4.0,2.325000047683716,-1.03000009059906,8.0,2.4049999713897705
-1.350000023841858,8.0,2.325000047683716,-1.03000009059906,12.0,2.4049999713897705
-1.350000023841858,12.0,2.325000047683716,-1.03000009059906,16.0,2.4049999713897705
-1.350000023841858,16.0,2.325000047683716,-1.03000009059906,20.0,2.4049999713897705
-1.350000023841858,20.0,2.325000047683716,-1.03000009059906,23.75,2.4049999713897705
-1.25,0.30000007152557373,2.309000015258789,-1.1099998950958252,4.0,2.3309998512268066
-1.25,4.0,2.309000015258789,-1.1099998950958252,8.0,2.3309998512268066
-1.25,8.0,2.309000015258789,-1.1099998950958252,12.0,2.3309998512268066
-1.25,12.0,2.309000015258789,-1.1099998950958252,16.0,2.3309998512268066
-1.25,16.0,2.309000015258789,-1.1099998950958252,20.0,2.3309998512268066
-1.25,20.0,2.309000015258789,-1.1099998950958252,23.700000762939453,2.3309998512268066
-1.6349999904632568,0.0,2.2799999713897705,-1.3650000095367432,4.0,2.419999837875366
-1.6349999904632568,4.0,2.2799999713897705,-1.3650000095367432,8.0,2.419999837875366
-1.6349999904632568,8.0,2.2799999713897705,-1.3650000095367432,12.0,2.419999837875366
-1.6349999904632568,12.0,2.2799999713897705,-1.3650000095367432,16.0,2.419999837875366
-1.6349999904632568,16.0,2.2799999713897705,-1.3650000095367432,20.0,2.419999837875366
-1.6349999904632568,20.0,2.2799999713897705,-1.3650000095367432,24.0,2.419999837875366
1.03000009059906,0.25,2.325000047683716,1.350000023841858,4.0,2.4049999713897705
1.03000009059906,4.0,2.325000047683716,1.350000023841858,8.0,2.4049999713897705
1.03000009059906,8.0,2.325000047683716,1.350000023841858,12.0,2.4049999713897705
1.03000009059906,12.0,2.325000047683716,1.350000023841858,16.0,2.4049999713897705
1.03000009059906,16.0,2.325000047683716,1.350000023841858,20.0,2.4049999713897705
1.03000009059906,20.0,2.325000047683716,1.350000023841858,23.75,2.4049999713897705
1.1099998950958252,0.30000007152557373,2.309000015258789,1.25,4.0,2.3309998512268066
1.1099998950958252,4.0,2.309000015258789,1.25,8.0,2.3309998512268066
1.1099998950958252,8.0,2.309000015258789,1.25,12.0,2.3309998512268066
1.1099998950958252,12.0,2.309000015258789,1.25,16.0,2.3309998512268066
1.1099998950958252,16.0,2.309000015258789,1.25,20.0,2.3309998512268066
1.1099998950958252,20.0,2.309000015258789,1.25,23.700000762939453,2.3309998512268066
1.3650000095367432,0.0,2.2799999713897705,1.6349999904632568,4.0,2.419999837875366
1.3650000095367432,4.0,2.2799999713897705,1.6349999904632568,8.0,2.419999837875366
1.3650000095367432,8.0,2.2799999713897705,1.6349999904632568,12.0,2.419999837875366
1.3650000095367432,12.0,2.2799999713897705,1.6349999904632568,16.0,2.419999837875366
1.3650000095367432,16.0,2.2799999713897705,1.6349999904632568,20.0,2.419999837875366
1.3650000095367432,20.0,2.2799999713897705,1.6349999904632568,24.0,2.419999837875366
-1.3600000143051147,0.0,2.4200000762939453,1.3600000143051147,4.0,2.5399999618530273
-1.3600000143051147,4.0,2.4200000762939453,1.3600000143051147,8.0,2.5399999618530273
-1.3600000143051147,8.0,2.4200000762939453,1.3600000143051147,12.0,2.5399999618530273
-1.3600000143051147,12.0,2.4200000762939453,1.3600000143051147,16.0,2.5399999618530273
-1.3600000143051147,16.0,2.4200000762939453,1.3600000143051147,20.0,2.5399999618530273
-1.3600000143051147,20.0,2.4200000762939453,1.3600000143051147,24.0,2.5399999618530273
-1.159999966621399,1.496999979019165,2.4110000133514404,1.159999966621399,1.503000020980835,2.4170000553131104
-1.159999966621399,2.996999979019165,2.4110000133514404,1.159999966621399,3.003000020980835,2.4170000553131104
-1.159999966621399,4.497000217437744,2.4110000133514404,1.159999966621399,4.502999782562256,2.4170000553131104
-1.159999966621399,5.997000217437744,2.4110000133514404,1.159999966621399,6.002999782562256,2.4170000553131104
-1.159999966621399,7.497000217437744,2.4110000133514404,1.159999966621399,7.502999782562256,2.4170000553131104
-1.159999966621399,8.996999740600586,2.4110000133514404,1.159999966621399,9.003000259399414,2.4170000553131104
-1.159999966621399,10.496999740600586,2.4110000133514404,1.159999966621399,10.503000259399414,2.4170000553131104
-1.159999966621399,11.996999740600586,2.4110000133514404,1.159999966621399,12.003000259399414,2.4170000553131104
-1.159999966621399,13.496999740600586,2.4110000133514404,1.159999966621399,13.503000259399414,2.4170000553131104
-1.159999966621399,14.996999740600586,2.4110000133514404,1.159999966621399,15.003000259399414,2.4170000553131104
-1.159999966621399,16.496999740600586,2.4110000133514404,1.159999966621399,16.503000259399414,2.4170000553131104
-1.159999966621399,17.996999740600586,2.4110000133514404,1.159999966621399,18.003000259399414,2.4170000553131104
-1.159999966621399,19.496999740600586,2.4110000133514404,1.159999966621399,19.503000259399414,2.4170000553131104
-1.159999966621399,20.996999740600586,2.4110000133514404,1.159999966621399,21.003000259399414,2.4170000553131104
-1.159999966621399,22.496999740600586,2.4110000133514404,1.159999966621399,22.503000259399414,2.4170000553131104
-0.7400000095367432,0.25,2.4010000228881836,-0.5800000429153442,4.0,2.4190001487731934
-0.7400000095367432,4.0,2.4010000228881836,-0.5800000429153442,8.0,2.4190001487731934
-0.7400000095367432,8.0,2.4010000228881836,-0.5800000429153442,12.0,2.4190001487731934
-0.7400000095367432,12.0,2.4010000228881836,-0.5800000429153442,16.0,2.4190001487731934
-0.7400000095367432,16.0,2.4010000228881836,-0.5800000429153442,20.0,2.4190001487731934
-0.7400000095367432,20.0,2.4010000228881836,-0.5800000429153442,23.75,2.4190001487731934
-0.7125000357627869,0.22749999165534973,2.3930001258850098,-0.6075000166893005,0.27250000834465027,2.4010000228881836
-0.7125000357627869,0.5575000047683716,2.3930001258850098,-0.6075000166893005,0.6024999618530273,2.4010000228881836
-0.7125000357627869,0.8875000476837158,2.3930001258850098,-0.6075000166893005,0.9325000047683716,2.4010000228881836
-0.7125000357627869,1.2174999713897705,2.3930001258850098,-0.6075000166893005,1.2625000476837158,2.4010000228881836
-0.7125000357627869,1.5475000143051147,2.3930001258850098,-0.6075000166893005,1.59250009059906,2.4010000228881836
-0.7125000357627869,1.8774999380111694,2.3930001258850098,-0.6075000166893005,1.9225000143051147,2.4010000228881836
-0.7125000357627869,2.2074999809265137,2.3930001258850098,-0.6075000166893005,2.252500057220459,2.4010000228881836
-0.7125000357627869,2.5374999046325684,2.3930001258850098,-0.6075000166893005,2.5824999809265137,2.4010000228881836
-0.7125000357627869,2.867500066757202,2.3930001258850098,-0.6075000166893005,2.9125001430511475,2.4010000228881836
-0.7125000357627869,3.197499990463257,2.3930001258850098,-0.6075000166893005,3.242500066757202,2.4010000228881836
-0.7125000357627869,3.5274999141693115,2.3930001258850098,-0.6075000166893005,3.572499990463257,2.4010000228881836
-0.7125000357627869,3.8575000762939453,2.3930001258850098,-0.6075000166893005,3.9025001525878906,2.4010000228881836
-0.7125000357627869,4.1875,2.3930001258850098,-0.6075000166893005,4.232500076293945,2.4010000228881836
-0.7125000357627869,4.517499923706055,2.3930001258850098,-0.6075000166893005,4.5625,2.4010000228881836
-0.7125000357627869,4.847499847412109,2.3930001258850098,-0.6075000166893005,4.892499923706055,2.4010000228881836
-0.7125000357627869,5.177499771118164,2.3930001258850098,-0.6075000166893005,5.222499847412109,2.4010000228881836
-0.7125000357627869,5.507500171661377,2.3930001258850098,-0.6075000166893005,5.552500247955322,2.4010000228881836
-0.7125000357627869,5.837500095367432,2.3930001258850098,-0.6075000166893005,5.882500171661377,2.4010000228881836
-0.7125000357627869,6.167500019073486,2.3930001258850098,-0.6075000166893005,6.212500095367432,2.4010000228881836
-0.7125000357627869,6.497499942779541,2.3930001258850098,-0.6075000166893005,6.542500019073486,2.4010000228881836
-0.7125000357627869,6.827499866485596,2.3930001258850098,-0.6075000166893005,6.872499942779541,2.4010000228881836
-0.7125000357627869,7.15749979019165,2.3930001258850098,-0.6075000166893005,7.202499866485596,2.4010000228881836
-0.7125000357627869,7.487500190734863,2.3930001258850098,-0.6075000166893005,7.532500267028809,2.4010000228881836
-0.7125000357627869,7.817500114440918,2.3930001258850098,-0.6075000166893005,7.862500190734863,2.4010000228881836
-0.7125000357627869,8.147500038146973,2.3930001258850098,-0.6075000166893005,8.192500114440918,2.4010000228881836
-0.7125000357627869,8.477499961853027,2.3930001258850098,-0.6075000166893005,8.522500038146973,2.4010000228881836
-0.7125000357627869,8.807499885559082,2.3930001258850098,-0.6075000166893005,8.852499961853027,2.4010000228881836
-0.7125000357627869,9.137499809265137,2.3930001258850098,-0.6075000166893005,9.182499885559082,2.4010000228881836
-0.7125000357627869,9.467499732971191,2.3930001258850098,-0.6075000166893005,9.512499809265137,2.4010000228881836
-0.7125000357627869,9.797499656677246,2.3930001258850098,-0.6075000166893005,9.842499732971191,2.4010000228881836
-0.7125000357627869,10.1274995803833,2.3930001258850098,-0.6075000166893005,10.172499656677246,2.4010000228881836
-0.7125000357627869,10.457499504089355,2.3930001258850098,-0.6075000166893005,10.5024995803833,2.4010000228881836
-0.7125000357627869,10.787500381469727,2.3930001258850098,-0.6075000166893005,10.832500457763672,2.4010000228881836
-0.7125000357627869,11.117500305175781,2.3930001258850098,-0.6075000166893005,11.162500381469727,2.4010000228881836
-0.7125000357627869,11.447500228881836,2.3930001258850098,-0.6075000166893005,11.492500305175781,2.4010000228881836
-0.7125000357627869,11.77750015258789,2.3930001258850098,-0.6075000166893005,11.822500228881836,2.4010000228881836
-0.7125000357627869,12.107500076293945,2.3930001258850098,-0.6075000166893005,12.15250015258789,2.4010000228881836
-0.7125000357627869,12.4375,2.3930001258850098,-0.6075000166893005,12.482500076293945,2.4010000228881836
-0.7125000357627869,12.767499923706055,2.3930001258850098,-0.6075000166893005,12.8125,2.4010000228881836
-0.7125000357627869,13.09749984741211,2.3930001258850098,-0.6075000166893005,13.142499923706055,2.4010000228881836
-0.7125000357627869,13.427499771118164,2.3930001258850098,-0.6075000166893005,13.47249984741211,2.4010000228881836
-0.7125000357627869,13.757499694824219,2.3930001258850098,-0.6075000166893005,13.802499771118164,2.4010000228881836
-0.7125000357627869,14.087499618530273,2.3930001258850098,-0.6075000166893005,14.132499694824219,2.4010000228881836
-0.7125000357627869,14.417499542236328,2.3930001258850098,-0.6075000166893005,14.462499618530273,2.4010000228881836
-0.7125000357627869,14.7475004196167,2.3930001258850098,-0.6075000166893005,14.792500495910645,2.4010000228881836
-0.7125000357627869,15.077500343322754,2.3930001258850098,-0.6075000166893005,15.1225004196167,2.4010000228881836
-0.7125000357627869,15.407500267028809,2.3930001258850098,-0.6075000166893005,15.452500343322754,2.4010000228881836
-0.7125000357627869,15.737500190734863,2.3930001258850098,-0.6075000166893005,15.782500267028809,2.4010000228881836
-0.7125000357627869,16.067501068115234,2.3930001258850098,-0.6075000166893005,16.112499237060547,2.4010000228881836
-0.7125000357627869,16.39750099182129,2.3930001258850098,-0.6075000166893005,16.4424991607666,2.4010000228881836
-0.7125000357627869,16.727500915527344,2.3930001258850098,-0.6075000166893005,16.772499084472656,2.4010000228881836
-0.7125000357627869,17.0575008392334,2.3930001258850098,-0.6075000166893005,17.10249900817871,2.4010000228881836
-0.7125000357627869,17.387500762939453,2.3930001258850098,-0.6075000166893005,17.432498931884766,2.4010000228881836
-0.7125000357627869,17.717500686645508,2.3930001258850098,-0.6075000166893005,17.76249885559082,2.4010000228881836
-0.7125000357627869,18.047500610351562,2.3930001258850098,-0.6075000166893005,18.092498779296875,2.4010000228881836
-0.7125000357627869,18.377500534057617,2.3930001258850098,-0.6075000166893005,18.42249870300293,2.4010000228881836
-0.7125000357627869,18.707500457763672,2.3930001258850098,-0.6075000166893005,18.752498626708984,2.4010000228881836
-0.7125000357627869,19.037500381469727,2.3930001258850098,-0.6075000166893005,19.08249855041504,2.4010000228881836
-0.7125000357627869,19.36750030517578,2.3930001258850098,-0.6075000166893005,19.412498474121094,2.4010000228881836
-0.7125000357627869,19.697500228881836,2.3930001258850098,-0.6075000166893005,19.74249839782715,2.4010000228881836
-0.7125000357627869,20.02750015258789,2.3930001258850098,-0.6075000166893005,20.072498321533203,2.4010000228881836
-0.7125000357627869,20.357500076293945,2.3930001258850098,-0.6075000166893005,20.402498245239258,2.4010000228881836
-0.7125000357627869,20.6875,2.3930001258850098,-0.6075000166893005,20.732498168945312,2.4010000228881836
-0.7125000357627869,21.017501831054688,2.3930001258850098,-0.6075000166893005,21.0625,2.4010000228881836
-0.7125000357627869,21.347501754760742,2.3930001258850098,-0.6075000166893005,21.392499923706055,2.4010000228881836
-0.7125000357627869,21.677501678466797,2.3930001258850098,-0.6075000166893005,21.72249984741211,2.4010000228881836
-0.7125000357627869,22.00750160217285,2.3930001258850098,-0.6075000166893005,22.052499771118164,2.4010000228881836
-0.7125000357627869,22.337501525878906,2.3930001258850098,-0.6075000166893005,22.38249969482422,2.4010000228881836
-0.7125000357627869,22.66750144958496,2.3930001258850098,-0.6075000166893005,22.712499618530273,2.4010000228881836
-0.7125000357627869,22.997501373291016,2.3930001258850098,-0.6075000166893005,23.042499542236328,2.4010000228881836
-0.7125000357627869,23.32750129699707,2.3930001258850098,-0.6075000166893005,23.372499465942383,2.4010000228881836
-0.7125000357627869,23.657501220703125,2.3930001258850098,-0.6075000166893005,23.702499389648438,2.4010000228881836
0.5800000429153442,0.25,2.4010000228881836,0.7400000095367432,4.0,2.4190001487731934
0.5800000429153442,4.0,2.4010000228881836,0.7400000095367432,8.0,2.4190001487731934
0.5800000429153442,8.0,2.4010000228881836,0.7400000095367432,12.0,2.4190001487731934
0.5800000429153442,12.0,2.4010000228881836,0.7400000095367432,16.0,2.4190001487731934
0.5800000429153442,16.0,2.4010000228881836,0.7400000095367432,20.0,2.4190001487731934
0.5800000429153442,20.0,2.4010000228881836,0.7400000095367432,23.75,2.4190001487731934
0.6075000166893005,0.22749999165534973,2.3930001258850098,0.7125000357627869,0.27250000834465027,2.4010000228881836
0.6075000166893005,0.5575000047683716,2.3930001258850098,0.7125000357627869,0.6024999618530273,2.4010000228881836
0.6075000166893005,0.8875000476837158,2.3930001258850098,0.7125000357627869,0.9325000047683716,2.4010000228881836
0.6075000166893005,1.2174999713897705,2.3930001258850098,0.7125000357627869,1.2625000476837158,2.4010000228881836
0.6075000166893005,1.5475000143051147,2.3930001258850098,0.7125000357627869,1.59250009059906,2.4010000228881836
0.6075000166893005,1.8774999380111694,2.3930001258850098,0.7125000357627869,1.9225000143051147,2.4010000228881836
0.6075000166893005,2.2074999809265137,2.3930001258850098,0.7125000357627869,2.252500057220459,2.4010000228881836
0.6075000166893005,2.5374999046325684,2.3930001258850098,0.7125000357627869,2.5824999809265137,2.4010000228881836
0.6075000166893005,2.867500066757202,2.3930001258850098,0.7125000357627869,2.9125001430511475,2.4010000228881836
0.6075000166893005,3.197499990463257,2.3930001258850098,0.7125000357627869,3.242500066757202,2.4010000228881836
0.6075000166893005,3.5274999141693115,2.3930001258850098,0.7125000357627869,3.572499990463257,2.4010000228881836
0.6075000166893005,3.8575000762939453,2.3930001258850098,0.7125000357627869,3.9025001525878906,2.4010000228881836
0.6075000166893005,4.1875,2.3930001258850098,0.7125000357627869,4.232500076293945,2.4010000228881836
0.6075000166893005,4.517499923706055,2.3930001258850098,0.7125000357627869,4.5625,2.4010000228881836
0.6075000166893005,4.847499847412109,2.3930001258850098,0.7125000357627869,4.892499923706055,2.4010000228881836
0.6075000166893005,5.177499771118164,2.3930001258850098,0.7125000357627869,5.222499847412109,2.4010000228881836
0.6075000166893005,5.507500171661377,2.3930001258850098,0.7125000357627869,5.552500247955322,2.4010000228881836
0.6075000166893005,5.837500095367432,2.3930001258850098,0.7125000357627869,5.882500171661377,2.4010000228881836
0.6075000166893005,6.167500019073486,2.3930001258850098,0.7125000357627869,6.212500095367432,2.4010000228881836
0.6075000166893005,6.497499942779541,2.3930001258850098,0.7125000357627869,6.542500019073486,2.4010000228881836
0.6075000166893005,6.827499866485596,2.3930001258850098,0.7125000357627869,6.872499942779541,2.4010000228881836
0.6075000166893005,7.15749979019165,2.3930001258850098,0.7125000357627869,7.202499866485596,2.4010000228881836
0.6075000166893005,7.487500190734863,2.3930001258850098,0.7125000357627869,7.532500267028809,2.4010000228881836
0.6075000166893005,7.817500114440918,2.3930001258850098,0.7125000357627869,7.862500190734863,2.4010000228881836
0.6075000166893005,8.147500038146973,2.3930001258850098,0.7125000357627869,8.192500114440918,2.4010000228881836
0.6075000166893005,8.477499961853027,2.3930001258850098,0.7125000357627869,8.522500038146973,2.4010000228881836
0.6075000166893005,8.807499885559082,2.3930001258850098,0.7125000357627869,8.852499961853027,2.4010000228881836
0.6075000166893005,9.137499809265137,2.3930001258850098,0.7125000357627869,9.182499885559082,2.4010000228881836
0.6075000166893005,9.467499732971191,2.3930001258850098,0.7125000357627869,9.512499809265137,2.4010000228881836
0.6075000166893005,9.797499656677246,2.3930001258850098,0.7125000357627869,9.842499732971191,2.4010000228881836
0.6075000166893005,10.1274995803833,2.3930001258850098,0.7125000357627869,10.172499656677246,2.4010000228881836
0.6075000166893005,10.457499504089355,2.3930001258850098,0.7125000357627869,10.5024995803833,2.4010000228881836
0.6075000166893005,10.787500381469727,2.3930001258850098,0.7125000357627869,10.832500457763672,2.4010000228881836
0.6075000166893005,11.117500305175781,2.3930001258850098,0.7125000357627869,11.162500381469727,2.4010000228881836
0.6075000166893005,11.447500228881836,2.3930001258850098,0.7125000357627869,11.492500305175781,2.4010000228881836
0.6075000166893005,11.77750015258789,2.3930001258850098,0.7125000357627869,11.822500228881836,2.4010000228881836
0.6075000166893005,12.107500076293945,2.3930001258850098,0.7125000357627869,12.15250015258789,2.4010000228881836
0.6075000166893005,12.4375,2.3930001258850098,0.7125000357627869,12.482500076293945,2.4010000228881836
0.6075000166893005,12.767499923706055,2.3930001258850098,0.7125000357627869,12.8125,2.4010000228881836
0.6075000166893005,13.09749984741211,2.3930001258850098,0.7125000357627869,13.142499923706055,2.4010000228881836
0.6075000166893005,13.427499771118164,2.3930001258850098,0.7125000357627869,13.47249984741211,2.4010000228881836
0.6075000166893005,13.757499694824219,2.3930001258850098,0.7125000357627869,13.802499771118164,2.4010000228881836
0.6075000166893005,14.087499618530273,2.3930001258850098,0.7125000357627869,14.132499694824219,2.4010000228881836
0.6075000166893005,14.417499542236328,2.3930001258850098,0.7125000357627869,14.462499618530273,2.4010000228881836
0.6075000166893005,14.7475004196167,2.3930001258850098,0.7125000357627869,14.792500495910645,2.4010000228881836
0.6075000166893005,15.077500343322754,2.3930001258850098,0.7125000357627869,15.1225004196167,2.4010000228881836
0.6075000166893005,15.407500267028809,2.3930001258850098,0.7125000357627869,15.452500343322754,2.4010000228881836
0.6075000166893005,15.737500190734863,2.3930001258850098,0.7125000357627869,15.782500267028809,2.4010000228881836
0.6075000166893005,16.067501068115234,2.3930001258850098,0.7125000357627869,16.112499237060547,2.4010000228881836
0.6075000166893005,16.39750099182129,2.3930001258850098,0.7125000357627869,16.4424991607666,2.4010000228881836
0.6075000166893005,16.727500915527344,2.3930001258850098,0.7125000357627869,16.772499084472656,2.4010000228881836
0.6075000166893005,17.0575008392334,2.3930001258850098,0.7125000357627869,17.10249900817871,2.4010000228881836
0.6075000166893005,17.387500762939453,2.3930001258850098,0.7125000357627869,17.432498931884766,2.4010000228881836
0.6075000166893005,17.717500686645508,2.3930001258850098,0.7125000357627869,17.76249885559082,2.4010000228881836
0.6075000166893005,18.047500610351562,2.3930001258850098,0.7125000357627869,18.092498779296875,2.4010000228881836
0.6075000166893005,18.377500534057617,2.3930001258850098,0.7125000357627869,18.42249870300293,2.4010000228881836
0.6075000166893005,18.707500457763672,2.3930001258850098,0.7125000357627869,18.752498626708984,2.4010000228881836
0.6075000166893005,19.037500381469727,2.3930001258850098,0.7125000357627869,19.08249855041504,2.4010000228881836
0.6075000166893005,19.36750030517578,2.3930001258850098,0.7125000357627869,19.412498474121094,2.4010000228881836
0.6075000166893005,19.697500228881836,2.3930001258850098,0.7125000357627869,19.74249839782715,2.4010000228881836
0.6075000166893005,20.02750015258789,2.3930001258850098,0.7125000357627869,20.072498321533203,2.4010000228881836
0.6075000166893005,20.357500076293945,2.3930001258850098,0.7125000357627869,20.402498245239258,2.4010000228881836
0.6075000166893005,20.6875,2.3930001258850098,0.7125000357627869,20.732498168945312,2.4010000228881836
0.6075000166893005,21.017501831054688,2.3930001258850098,0.7125000357627869,21.0625,2.4010000228881836
0.6075000166893005,21.347501754760742,2.3930001258850098,0.7125000357627869,21.392499923706055,2.4010000228881836
0.6075000166893005,21.677501678466797,2.3930001258850098,0.7125000357627869,21.72249984741211,2.4010000228881836
0.6075000166893005,22.00750160217285,2.3930001258850098,0.7125000357627869,22.052499771118164,2.4010000228881836
0.6075000166893005,22.337501525878906,2.3930001258850098,0.7125000357627869,22.38249969482422,2.4010000228881836
0.6075000166893005,22.66750144958496,2.3930001258850098,0.7125000357627869,22.712499618530273,2.4010000228881836
0.6075000166893005,22.997501373291016,2.3930001258850098,0.7125000357627869,23.042499542236328,2.4010000228881836
0.6075000166893005,23.32750129699707,2.3930001258850098,0.7125000357627869,23.372499465942383,2.4010000228881836
0.6075000166893005,23.657501220703125,2.3930001258850098,0.7125000357627869,23.702499389648438,2.4010000228881836
-0.054999999701976776,2.944999933242798,2.36899995803833,0.054999999701976776,3.055000066757202,2.4029998779296875
-0.05999999865889549,3.190000057220459,2.392500162124634,0.05999999865889549,3.309999942779541,2.4075000286102295
-0.054999999701976776,7.945000171661377,2.36899995803833,0.054999999701976776,8.055000305175781,2.4029998779296875
-0.05999999865889549,8.1899995803833,2.392500162124634,0.05999999865889549,8.3100004196167,2.4075000286102295
-0.054999999701976776,12.944999694824219,2.36899995803833,0.054999999701976776,13.055000305175781,2.4029998779296875
-0.05999999865889549,13.1899995803833,2.392500162124634,0.05999999865889549,13.3100004196167,2.4075000286102295
-0.054999999701976776,17.94499969482422,2.36899995803833,0.054999999701976776,18.05500030517578,2.4029998779296875
-0.05999999865889549,18.190000534057617,2.392500162124634,0.05999999865889549,18.309999465942383,2.4075000286102295
-0.054999999701976776,21.94499969482422,2.36899995803833,0.054999999701976776,22.05500030517578,2.4029998779296875
-0.05999999865889549,22.190000534057617,2.392500162124634,0.05999999865889549,22.309999465942383,2.4075000286102295
-1.3840000629425049,8.076000213623047,2.3514997959136963,-1.3359999656677246,8.124000549316406,2.368499994277954
-0.6940000057220459,8.076000213623047,2.3514997959136963,-0.6460000276565552,8.124000549316406,2.368499994277954
0.6460000276565552,8.076000213623047,2.3514997959136963,0.6940000057220459,8.124000549316406,2.368499994277954
-1.3840000629425049,9.276000022888184,2.3514997959136963,-1.3359999656677246,9.324000358581543,2.368499994277954
-0.6940000057220459,9.276000022888184,2.3514997959136963,-0.6460000276565552,9.324000358581543,2.368499994277954
0.6460000276565552,9.276000022888184,2.3514997959136963,0.6940000057220459,9.324000358581543,2.368499994277954
-1.3840000629425049,10.47599983215332,2.3514997959136963,-1.3359999656677246,10.52400016784668,2.368499994277954
-0.6940000057220459,10.47599983215332,2.3514997959136963,-0.6460000276565552,10.52400016784668,2.368499994277954
0.6460000276565552,10.47599983215332,2.3514997959136963,0.6940000057220459,10.52400016784668,2.368499994277954
-1.3840000629425049,11.675999641418457,2.3514997959136963,-1.3359999656677246,11.723999977111816,2.368499994277954
-0.6940000057220459,11.675999641418457,2.3514997959136963,-0.6460000276565552,11.723999977111816,2.368499994277954
0.6460000276565552,11.675999641418457,2.3514997959136963,0.6940000057220459,11.723999977111816,2.368499994277954
-1.3840000629425049,13.47599983215332,2.3514997959136963,-1.3359999656677246,13.52400016784668,2.368499994277954
-0.6940000057220459,13.47599983215332,2.3514997959136963,-0.6460000276565552,13.52400016784668,2.368499994277954
0.6460000276565552,13.47599983215332,2.3514997959136963,0.6940000057220459,13.52400016784668,2.368499994277954
-1.3840000629425049,14.675999641418457,2.3514997959136963,-1.3359999656677246,14.723999977111816,2.368499994277954
-0.6940000057220459,14.675999641418457,2.3514997959136963,-0.6460000276565552,14.723999977111816,2.368499994277954
0.6460000276565552,14.675999641418457,2.3514997959136963,0.6940000057220459,14.723999977111816,2.368499994277954
-1.3840000629425049,15.875999450683594,2.3514997959136963,-1.3359999656677246,15.923999786376953,2.368499994277954
-0.6940000057220459,15.875999450683594,2.3514997959136963,-0.6460000276565552,15.923999786376953,2.368499994277954
0.6460000276565552,15.875999450683594,2.3514997959136963,0.6940000057220459,15.923999786376953,2.368499994277954
-1.3840000629425049,17.076000213623047,2.3514997959136963,-1.3359999656677246,17.124000549316406,2.368499994277954
-0.6940000057220459,17.076000213623047,2.3514997959136963,-0.6460000276565552,17.124000549316406,2.368499994277954
0.6460000276565552,17.076000213623047,2.3514997959136963,0.6940000057220459,17.124000549316406,2.368499994277954
-1.3840000629425049,18.275999069213867,2.3514997959136963,-1.3359999656677246,18.323999404907227,2.368499994277954
-0.6940000057220459,18.275999069213867,2.3514997959136963,-0.6460000276565552,18.323999404907227,2.368499994277954
0.6460000276565552,18.275999069213867,2.3514997959136963,0.6940000057220459,18.323999404907227,2.368499994277954
-1.350000023841858,25.450000762939453,2.325000047683716,-1.03000009059906,29.200000762939453,2.4049999713897705
-1.350000023841858,29.200000762939453,2.325000047683716,-1.03000009059906,33.20000076293945,2.4049999713897705
-1.350000023841858,33.20000076293945,2.325000047683716,-1.03000009059906,37.20000076293945,2.4049999713897705
-1.350000023841858,37.20000076293945,2.325000047683716,-1.03000009059906,41.20000076293945,2.4049999713897705
-1.350000023841858,41.20000076293945,2.325000047683716,-1.03000009059906,45.20000076293945,2.4049999713897705
-1.350000023841858,45.20000076293945,2.325000047683716,-1.03000009059906,48.95000076293945,2.4049999713897705
-1.25,25.5,2.309000015258789,-1.1099998950958252,29.200000762939453,2.3309998512268066
-1.25,29.200000762939453,2.309000015258789,-1.1099998950958252,33.20000076293945,2.3309998512268066
-1.25,33.20000076293945,2.309000015258789,-1.1099998950958252,37.20000076293945,2.3309998512268066
-1.25,37.20000076293945,2.309000015258789,-1.1099998950958252,41.20000076293945,2.3309998512268066
-1.25,41.20000076293945,2.309000015258789,-1.1099998950958252,45.20000076293945,2.3309998512268066
-1.25,45.20000076293945,2.309000015258789,-1.1099998950958252,48.89999771118164,2.3309998512268066
-1.6349999904632568,25.200000762939453,2.2799999713897705,-1.3650000095367432,29.200000762939453,2.419999837875366
-1.6349999904632568,29.200000762939453,2.2799999713897705,-1.3650000095367432,33.20000076293945,2.419999837875366
-1.6349999904632568,33.20000076293945,2.2799999713897705,-1.3650000095367432,37.20000076293945,2.419999837875366
-1.6349999904632568,37.20000076293945,2.2799999713897705,-1.3650000095367432,41.20000076293945,2.419999837875366
-1.6349999904632568,41.20000076293945,2.2799999713897705,-1.3650000095367432,45.20000076293945,2.419999837875366
-1.6349999904632568,45.20000076293945,2.2799999713897705,-1.3650000095367432,49.20000076293945,2.419999837875366
1.03000009059906,25.450000762939453,2.325000047683716,1.350000023841858,29.200000762939453,2.4049999713897705
1.03000009059906,29.200000762939453,2.325000047683716,1.350000023841858,33.20000076293945,2.4049999713897705
1.03000009059906,33.20000076293945,2.325000047683716,1.350000023841858,37.20000076293945,2.4049999713897705
1.03000009059906,37.20000076293945,2.325000047683716,1.350000023841858,41.20000076293945,2.4049999713897705
1.03000009059906,41.20000076293945,2.325000047683716,1.350000023841858,45.20000076293945,2.4049999713897705
1.03000009059906,45.20000076293945,2.325000047683716,1.350000023841858,48.95000076293945,2.4049999713897705
1.1099998950958252,25.5,2.309000015258789,1.25,29.200000762939453,2.3309998512268066
1.1099998950958252,29.200000762939453,2.309000015258789,1.25,33.20000076293945,2.3309998512268066
1.1099998950958252,33.20000076293945,2.309000015258789,1.25,37.20000076293945,2.3309998512268066
1.1099998950958252,37.20000076293945,2.309000015258789,1.25,41.20000076293945,2.3309998512268066
1.1099998950958252,41.20000076293945,2.309000015258789,1.25,45.20000076293945,2.3309998512268066
1.1099998950958252,45.20000076293945,2.309000015258789,1.25,48.89999771118164,2.3309998512268066
1.3650000095367432,25.200000762939453,2.2799999713897705,1.6349999904632568,29.200000762939453,2.419999837875366
1.3650000095367432,29.200000762939453,2.2799999713897705,1.6349999904632568,33.20000076293945,2.419999837875366
1.3650000095367432,33.20000076293945,2.2799999713897705,1.6349999904632568,37.20000076293945,2.419999837875366
1.3650000095367432,37.20000076293945,2.2799999713897705,1.6349999904632568,41.20000076293945,2.419999837875366
1.3650000095367432,41.20000076293945,2.2799999713897705,1.6349999904632568,45.20000076293945,2.419999837875366
1.3650000095367432,45.20000076293945,2.2799999713897705,1.6349999904632568,49.20000076293945,2.419999837875366
-1.3600000143051147,25.200000762939453,2.4200000762939453,1.3600000143051147,29.200000762939453,2.5399999618530273
-1.3600000143051147,29.200000762939453,2.4200000762939453,1.3600000143051147,33.20000076293945,2.5399999618530273
-1.3600000143051147,33.20000076293945,2.4200000762939453,1.3600000143051147,37.20000076293945,2.5399999618530273
-1.3600000143051147,37.20000076293945,2.4200000762939453,1.3600000143051147,41.20000076293945,2.5399999618530273
-1.3600000143051147,41.20000076293945,2.4200000762939453,1.3600000143051147,45.20000076293945,2.5399999618530273
-1.3600000143051147,45.20000076293945,2.4200000762939453,1.3600000143051147,49.20000076293945,2.5399999618530273
-1.159999966621399,26.69700050354004,2.4110000133514404,1.159999966621399,26.703001022338867,2.4170000553131104
-1.159999966621399,28.19700050354004,2.4110000133514404,1.159999966621399,28.203001022338867,2.4170000553131104
-1.159999966621399,29.69700050354004,2.4110000133514404,1.159999966621399,29.703001022338867,2.4170000553131104
-1.159999966621399,31.19700050354004,2.4110000133514404,1.159999966621399,31.203001022338867,2.4170000553131104
-1.159999966621399,32.69700241088867,2.4110000133514404,1.159999966621399,32.702999114990234,2.4170000553131104
-1.159999966621399,34.19700241088867,2.4110000133514404,1.159999966621399,34.202999114990234,2.4170000553131104
-1.159999966621399,35.69700241088867,2.4110000133514404,1.159999966621399,35.702999114990234,2.4170000553131104
-1.159999966621399,37.19700241088867,2.4110000133514404,1.159999966621399,37.202999114990234,2.4170000553131104
-1.159999966621399,38.69700241088867,2.4110000133514404,1.159999966621399,38.702999114990234,2.4170000553131104
-1.159999966621399,40.19700241088867,2.4110000133514404,1.159999966621399,40.202999114990234,2.4170000553131104
-1.159999966621399,41.69700241088867,2.4110000133514404,1.159999966621399,41.702999114990234,2.4170000553131104
-1.159999966621399,43.19700241088867,2.4110000133514404,1.159999966621399,43.202999114990234,2.4170000553131104
-1.159999966621399,44.69700241088867,2.4110000133514404,1.159999966621399,44.702999114990234,2.4170000553131104
-1.159999966621399,46.19700241088867,2.4110000133514404,1.159999966621399,46.202999114990234,2.4170000553131104
-1.159999966621399,47.69700241088867,2.4110000133514404,1.159999966621399,47.702999114990234,2.4170000553131104
-0.7400000095367432,25.450000762939453,2.4010000228881836,-0.5800000429153442,29.200000762939453,2.4190001487731934
-0.7400000095367432,29.200000762939453,2.4010000228881836,-0.5800000429153442,33.20000076293945,2.4190001487731934
-0.7400000095367432,33.20000076293945,2.4010000228881836,-0.5800000429153442,37.20000076293945,2.4190001487731934
-0.7400000095367432,37.20000076293945,2.4010000228881836,-0.5800000429153442,41.20000076293945,2.4190001487731934
-0.7400000095367432,41.20000076293945,2.4010000228881836,-0.5800000429153442,45.20000076293945,2.4190001487731934
-0.7400000095367432,45.20000076293945,2.4010000228881836,-0.5800000429153442,48.95000076293945,2.4190001487731934
-0.7125000357627869,25.427501678466797,2.3930001258850098,-0.6075000166893005,25.47249984741211,2.4010000228881836
-0.7125000357627869,25.75750160217285,2.3930001258850098,-0.6075000166893005,25.802499771118164,2.4010000228881836
-0.7125000357627869,26.087501525878906,2.3930001258850098,-0.6075000166893005,26.13249969482422,2.4010000228881836
-0.7125000357627869,26.41750144958496,2.3930001258850098,-0.6075000166893005,26.462499618530273,2.4010000228881836
-0.7125000357627869,26.747501373291016,2.3930001258850098,-0.6075000166893005,26.792499542236328,2.4010000228881836
-0.7125000357627869,27.07750129699707,2.3930001258850098,-0.6075000166893005,27.122499465942383,2.4010000228881836
-0.7125000357627869,27.407501220703125,2.3930001258850098,-0.6075000166893005,27.452499389648438,2.4010000228881836
-0.7125000357627869,27.73750114440918,2.3930001258850098,-0.6075000166893005,27.782499313354492,2.4010000228881836
-0.7125000357627869,28.067501068115234,2.3930001258850098,-0.6075000166893005,28.112499237060547,2.4010000228881836
-0.7125000357627869,28.39750099182129,2.3930001258850098,-0.6075000166893005,28.4424991607666,2.4010000228881836
-0.7125000357627869,28.727500915527344,2.3930001258850098,-0.6075000166893005,28.772499084472656,2.4010000228881836
-0.7125000357627869,29.0575008392334,2.3930001258850098,-0.6075000166893005,29.10249900817871,2.4010000228881836
-0.7125000357627869,29.387500762939453,2.3930001258850098,-0.6075000166893005,29.432498931884766,2.4010000228881836
-0.7125000357627869,29.717500686645508,2.3930001258850098,-0.6075000166893005,29.76249885559082,2.4010000228881836
-0.7125000357627869,30.047500610351562,2.3930001258850098,-0.6075000166893005,30.092498779296875,2.4010000228881836
-0.7125000357627869,30.377500534057617,2.3930001258850098,-0.6075000166893005,30.42249870300293,2.4010000228881836
-0.7125000357627869,30.707500457763672,2.3930001258850098,-0.6075000166893005,30.752498626708984,2.4010000228881836
-0.7125000357627869,31.037500381469727,2.3930001258850098,-0.6075000166893005,31.08249855041504,2.4010000228881836
-0.7125000357627869,31.36750030517578,2.3930001258850098,-0.6075000166893005,31.412498474121094,2.4010000228881836
-0.7125000357627869,31.697500228881836,2.3930001258850098,-0.6075000166893005,31.74249839782715,2.4010000228881836
-0.7125000357627869,32.02750015258789,2.3930001258850098,-0.6075000166893005,32.0724983215332,2.4010000228881836
-0.7125000357627869,32.35750198364258,2.3930001258850098,-0.6075000166893005,32.40250015258789,2.4010000228881836
-0.7125000357627869,32.6875,2.3930001258850098,-0.6075000166893005,32.73249816894531,2.4010000228881836
-0.7125000357627869,33.01750183105469,2.3930001258850098,-0.6075000166893005,33.0625,2.4010000228881836
-0.7125000357627869,33.34749984741211,2.3930001258850098,-0.6075000166893005,33.39249801635742,2.4010000228881836
-0.7125000357627869,33.6775016784668,2.3930001258850098,-0.6075000166893005,33.72249984741211,2.4010000228881836
-0.7125000357627869,34.00749969482422,2.3930001258850098,-0.6075000166893005,34.05249786376953,2.4010000228881836
-0.7125000357627869,34.337501525878906,2.3930001258850098,-0.6075000166893005,34.38249969482422,2.4010000228881836
-0.7125000357627869,34.66749954223633,2.3930001258850098,-0.6075000166893005,34.71249771118164,2.4010000228881836
-0.7125000357627869,34.997501373291016,2.3930001258850098,-0.6075000166893005,35.04249954223633,2.4010000228881836
-0.7125000357627869,35.32749938964844,2.3930001258850098,-0.6075000166893005,35.37249755859375,2.4010000228881836
-0.7125000357627869,35.657501220703125,2.3930001258850098,-0.6075000166893005,35.70249938964844,2.4010000228881836
-0.7125000357627869,35.98749923706055,2.3930001258850098,-0.6075000166893005,36.03249740600586,2.4010000228881836
-0.7125000357627869,36.317501068115234,2.3930001258850098,-0.6075000166893005,36.36249923706055,2.4010000228881836
-0.7125000357627869,36.647499084472656,2.3930001258850098,-0.6075000166893005,36.69249725341797,2.4010000228881836
-0.7125000357627869,36.977500915527344,2.3930001258850098,-0.6075000166893005,37.022499084472656,2.4010000228881836
-0.7125000357627869,37.30750274658203,2.3930001258850098,-0.6075000166893005,37.352500915527344,2.4010000228881836
-0.7125000357627869,37.63750076293945,2.3930001258850098,-0.6075000166893005,37.682498931884766,2.4010000228881836
-0.7125000357627869,37.96750259399414,2.3930001258850098,-0.6075000166893005,38.01250076293945,2.4010000228881836
-0.7125000357627869,38.29750061035156,2.3930001258850098,-0.6075000166893005,38.342498779296875,2.4010000228881836
-0.7125000357627869,38.62750244140625,2.3930001258850098,-0.6075000166893005,38.67250061035156,2.4010000228881836
-0.7125000357627869,38.95750045776367,2.3930001258850098,-0.6075000166893005,39.002498626708984,2.4010000228881836
-0.7125000357627869,39.28750228881836,2.3930001258850098,-0.6075000166893005,39.33250045776367,2.4010000228881836
-0.7125000357627869,39.61750030517578,2.3930001258850098,-0.6075000166893005,39.662498474121094,2.4010000228881836
-0.7125000357627869,39.94750213623047,2.3930001258850098,-0.6075000166893005,39.99250030517578,2.4010000228881836
-0.7125000357627869,40.27750015258789,2.3930001258850098,-0.6075000166893005,40.3224983215332,2.4010000228881836
-0.7125000357627869,40.60750198364258,2.3930001258850098,-0.6075000166893005,40.65250015258789,2.4010000228881836
-0.7125000357627869,40.9375,2.3930001258850098,-0.6075000166893005,40.98249816894531,2.4010000228881836
-0.7125000357627869,41.26750183105469,2.3930001258850098,-0.6075000166893005,41.3125,2.4010000228881836
-0.7125000357627869,41.59749984741211,2.3930001258850098,-0.6075000166893005,41.64249801635742,2.4010000228881836
-0.7125000357627869,41.9275016784668,2.3930001258850098,-0.6075000166893005,41.97249984741211,2.4010000228881836
-0.7125000357627869,42.25749969482422,2.3930001258850098,-0.6075000166893005,42.30249786376953,2.4010000228881836
-0.7125000357627869,42.587501525878906,2.3930001258850098,-0.6075000166893005,42.63249969482422,2.4010000228881836
-0.7125000357627869,42.91749954223633,2.3930001258850098,-0.6075000166893005,42.96249771118164,2.4010000228881836
-0.7125000357627869,43.247501373291016,2.3930001258850098,-0.6075000166893005,43.29249954223633,2.4010000228881836
-0.7125000357627869,43.57749938964844,2.3930001258850098,-0.6075000166893005,43.62249755859375,2.4010000228881836
-0.7125000357627869,43.907501220703125,2.3930001258850098,-0.6075000166893005,43.95249938964844,2.4010000228881836
-0.7125000357627869,44.23749923706055,2.3930001258850098,-0.6075000166893005,44.28249740600586,2.4010000228881836
-0.7125000357627869,44.567501068115234,2.3930001258850098,-0.6075000166893005,44.61249923706055,2.4010000228881836
-0.7125000357627869,44.897499084472656,2.3930001258850098,-0.6075000166893005,44.94249725341797,2.4010000228881836
-0.7125000357627869,45.227500915527344,2.3930001258850098,-0.6075000166893005,45.272499084472656,2.4010000228881836
-0.7125000357627869,45.55750274658203,2.3930001258850098,-0.6075000166893005,45.602500915527344,2.4010000228881836
-0.7125000357627869,45.88750076293945,2.3930001258850098,-0.6075000166893005,45.932498931884766,2.4010000228881836
-0.7125000357627869,46.21750259399414,2.3930001258850098,-0.6075000166893005,46.26250076293945,2.4010000228881836
-0.7125000357627869,46.54750061035156,2.3930001258850098,-0.6075000166893005,46.592498779296875,2.4010000228881836
-0.7125000357627869,46.87750244140625,2.3930001258850098,-0.6075000166893005,46.92250061035156,2.4010000228881836
-0.7125000357627869,47.20750045776367,2.3930001258850098,-0.6075000166893005,47.252498626708984,2.4010000228881836
-0.7125000357627869,47.53750228881836,2.3930001258850098,-0.6075000166893005,47.58250045776367,2.4010000228881836
-0.7125000357627869,47.86750030517578,2.3930001258850098,-0.6075000166893005,47.912498474121094,2.4010000228881836
-0.7125000357627869,48.19750213623047,2.3930001258850098,-0.6075000166893005,48.24250030517578,2.4010000228881836
-0.7125000357627869,48.52750015258789,2.3930001258850098,-0.6075000166893005,48.5724983215332,2.4010000228881836
-0.7125000357627869,48.85750198364258,2.3930001258850098,-0.6075000166893005,48.90250015258789,2.4010000228881836
0.5800000429153442,25.450000762939453,2.4010000228881836,0.7400000095367432,29.200000762939453,2.4190001487731934
0.5800000429153442,29.200000762939453,2.4010000228881836,0.7400000095367432,33.20000076293945,2.4190001487731934
0.5800000429153442,33.20000076293945,2.4010000228881836,0.7400000095367432,37.20000076293945,2.4190001487731934
0.5800000429153442,37.20000076293945,2.4010000228881836,0.7400000095367432,41.20000076293945,2.4190001487731934
0.5800000429153442,41.20000076293945,2.4010000228881836,0.7400000095367432,45.20000076293945,2.4190001487731934
0.5800000429153442,45.20000076293945,2.4010000228881836,0.7400000095367432,48.95000076293945,2.4190001487731934
0.6075000166893005,25.427501678466797,2.3930001258850098,0.7125000357627869,25.47249984741211,2.4010000228881836
0.6075000166893005,25.75750160217285,2.3930001258850098,0.7125000357627869,25.802499771118164,2.4010000228881836
0.6075000166893005,26.087501525878906,2.3930001258850098,0.7125000357627869,26.13249969482422,2.4010000228881836
0.6075000166893005,26.41750144958496,2.3930001258850098,0.7125000357627869,26.462499618530273,2.4010000228881836
0.6075000166893005,26.747501373291016,2.3930001258850098,0.7125000357627869,26.792499542236328,2.4010000228881836
0.6075000166893005,27.07750129699707,2.3930001258850098,0.7125000357627869,27.122499465942383,2.4010000228881836
0.6075000166893005,27.407501220703125,2.3930001258850098,0.7125000357627869,27.452499389648438,2.4010000228881836
0.6075000166893005,27.73750114440918,2.3930001258850098,0.7125000357627869,27.782499313354492,2.4010000228881836
0.6075000166893005,28.067501068115234,2.3930001258850098,0.7125000357627869,28.112499237060547,2.4010000228881836
0.6075000166893005,28.39750099182129,2.3930001258850098,0.7125000357627869,28.4424991607666,2.4010000228881836
0.6075000166893005,28.727500915527344,2.3930001258850098,0.7125000357627869,28.772499084472656,2.4010000228881836
0.6075000166893005,29.0575008392334,2.3930001258850098,0.7125000357627869,29.10249900817871,2.4010000228881836
0.6075000166893005,29.387500762939453,2.3930001258850098,0.7125000357627869,29.432498931884766,2.4010000228881836
0.6075000166893005,29.717500686645508,2.3930001258850098,0.7125000357627869,29.76249885559082,2.4010000228881836
0.6075000166893005,30.047500610351562,2.3930001258850098,0.7125000357627869,30.092498779296875,2.4010000228881836
0.6075000166893005,30.377500534057617,2.3930001258850098,0.7125000357627869,30.42249870300293,2.4010000228881836
0.6075000166893005,30.707500457763672,2.3930001258850098,0.7125000357627869,30.752498626708984,2.4010000228881836
0.6075000166893005,31.037500381469727,2.3930001258850098,0.7125000357627869,31.08249855041504,2.4010000228881836
0.6075000166893005,31.36750030517578,2.3930001258850098,0.7125000357627869,31.412498474121094,2.4010000228881836
0.6075000166893005,31.697500228881836,2.3930001258850098,0.7125000357627869,31.74249839782715,2.4010000228881836
0.6075000166893005,32.02750015258789,2.3930001258850098,0.7125000357627869,32.0724983215332,2.4010000228881836
0.6075000166893005,32.35750198364258,2.3930001258850098,0.7125000357627869,32.40250015258789,2.4010000228881836
0.6075000166893005,32.6875,2.3930001258850098,0.7125000357627869,32.73249816894531,2.4010000228881836
0.6075000166893005,33.01750183105469,2.3930001258850098,0.7125000357627869,33.0625,2.4010000228881836
0.6075000166893005,33.34749984741211,2.3930001258850098,0.7125000357627869,33.39249801635742,2.4010000228881836
0.6075000166893005,33.6775016784668,2.3930001258850098,0.7125000357627869,33.72249984741211,2.4010000228881836
0.6075000166893005,34.00749969482422,2.3930001258850098,0.7125000357627869,34.05249786376953,2.4010000228881836
0.6075000166893005,34.337501525878906,2.3930001258850098,0.7125000357627869,34.38249969482422,2.4010000228881836
0.6075000166893005,34.66749954223633,2.3930001258850098,0.7125000357627869,34.71249771118164,2.4010000228881836
0.6075000166893005,34.997501373291016,2.3930001258850098,0.7125000357627869,35.04249954223633,2.4010000228881836
0.6075000166893005,35.32749938964844,2.3930001258850098,0.7125000357627869,35.37249755859375,2.4010000228881836
0.6075000166893005,35.657501220703125,2.3930001258850098,0.7125000357627869,35.70249938964844,2.4010000228881836
0.6075000166893005,35.98749923706055,2.3930001258850098,0.7125000357627869,36.03249740600586,2.4010000228881836
0.6075000166893005,36.317501068115234,2.3930001258850098,0.7125000357627869,36.36249923706055,2.4010000228881836
0.6075000166893005,36.647499084472656,2.3930001258850098,0.7125000357627869,36.69249725341797,2.4010000228881836
0.6075000166893005,36.977500915527344,2.3930001258850098,0.7125000357627869,37.022499084472656,2.4010000228881836
0.6075000166893005,37.30750274658203,2.3930001258850098,0.7125000357627869,37.352500915527344,2.4010000228881836
0.6075000166893005,37.63750076293945,2.3930001258850098,0.7125000357627869,37.682498931884766,2.4010000228881836
0.6075000166893005,37.96750259399414,2.3930001258850098,0.7125000357627869,38.01250076293945,2.4010000228881836
0.6075000166893005,38.29750061035156,2.3930001258850098,0.7125000357627869,38.342498779296875,2.4010000228881836
0.6075000166893005,38.62750244140625,2.3930001258850098,0.7125000357627869,38.67250061035156,2.4010000228881836
0.6075000166893005,38.95750045776367,2.3930001258850098,0.7125000357627869,39.002498626708984,2.4010000228881836
0.6075000166893005,39.28750228881836,2.3930001258850098,0.7125000357627869,39.33250045776367,2.4010000228881836
0.6075000166893005,39.61750030517578,2.3930001258850098,0.7125000357627869,39.662498474121094,2.4010000228881836
0.6075000166893005,39.94750213623047,2.3930001258850098,0.7125000357627869,39.99250030517578,2.4010000228881836
0.6075000166893005,40.27750015258789,2.3930001258850098,0.7125000357627869,40.3224983215332,2.4010000228881836
0.6075000166893005,40.60750198364258,2.3930001258850098,0.7125000357627869,40.65250015258789,2.4010000228881836
0.6075000166893005,40.9375,2.3930001258850098,0.7125000357627869,40.98249816894531,2.4010000228881836
0.6075000166893005,41.26750183105469,2.3930001258850098,0.7125000357627869,41.3125,2.4010000228881836
0.6075000166893005,41.59749984741211,2.3930001258850098,0.7125000357627869,41.64249801635742,2.4010000228881836
0.6075000166893005,41.9275016784668,2.3930001258850098,0.7125000357627869,41.97249984741211,2.4010000228881836
0.6075000166893005,42.25749969482422,2.3930001258850098,0.7125000357627869,42.30249786376953,2.4010000228881836
0.6075000166893005,42.587501525878906,2.3930001258850098,0.7125000357627869,42.63249969482422,2.4010000228881836
0.6075000166893005,42.91749954223633,2.3930001258850098,0.7125000357627869,42.96249771118164,2.4010000228881836
0.6075000166893005,43.247501373291016,2.3930001258850098,0.7125000357627869,43.29249954223633,2.4010000228881836
0.6075000166893005,43.57749938964844,2.3930001258850098,0.7125000357627869,43.62249755859375,2.4010000228881836
0.6075000166893005,43.907501220703125,2.3930001258850098,0.7125000357627869,43.95249938964844,2.4010000228881836
0.6075000166893005,44.23749923706055,2.3930001258850098,0.7125000357627869,44.28249740600586,2.4010000228881836
0.6075000166893005,44.567501068115234,2.3930001258850098,0.7125000357627869,44.61249923706055,2.4010000228881836
0.6075000166893005,44.897499084472656,2.3930001258850098,0.7125000357627869,44.94249725341797,2.4010000228881836
0.6075000166893005,45.227500915527344,2.3930001258850098,0.7125000357627869,45.272499084472656,2.4010000228881836
0.6075000166893005,45.55750274658203,2.3930001258850098,0.7125000357627869,45.602500915527344,2.4010000228881836
0.6075000166893005,45.88750076293945,2.3930001258850098,0.7125000357627869,45.932498931884766,2.4010000228881836
0.6075000166893005,46.21750259399414,2.3930001258850098,0.7125000357627869,46.26250076293945,2.4010000228881836
0.6075000166893005,46.54750061035156,2.3930001258850098,0.7125000357627869,46.592498779296875,2.4010000228881836
0.6075000166893005,46.87750244140625,2.3930001258850098,0.7125000357627869,46.92250061035156,2.4010000228881836
0.6075000166893005,47.20750045776367,2.3930001258850098,0.7125000357627869,47.252498626708984,2.4010000228881836
0.6075000166893005,47.53750228881836,2.3930001258850098,0.7125000357627869,47.58250045776367,2.4010000228881836
0.6075000166893005,47.86750030517578,2.3930001258850098,0.7125000357627869,47.912498474121094,2.4010000228881836
0.6075000166893005,48.19750213623047,2.3930001258850098,0.7125000357627869,48.24250030517578,2.4010000228881836
0.6075000166893005,48.52750015258789,2.3930001258850098,0.7125000357627869,48.5724983215332,2.4010000228881836
0.6075000166893005,48.85750198364258,2.3930001258850098,0.7125000357627869,48.90250015258789,2.4010000228881836
-0.054999999701976776,28.145000457763672,2.36899995803833,0.054999999701976776,28.255001068115234,2.4029998779296875
-0.05999999865889549,28.39000129699707,2.392500162124634,0.05999999865889549,28.510000228881836,2.4075000286102295
-0.054999999701976776,33.14500045776367,2.36899995803833,0.054999999701976776,33.255001068115234,2.4029998779296875
-0.05999999865889549,33.38999938964844,2.392500162124634,0.05999999865889549,33.51000213623047,2.4075000286102295
-0.054999999701976776,38.14500045776367,2.36899995803833,0.054999999701976776,38.255001068115234,2.4029998779296875
-0.05999999865889549,38.38999938964844,2.392500162124634,0.05999999865889549,38.51000213623047,2.4075000286102295
-0.054999999701976776,43.14500045776367,2.36899995803833,0.054999999701976776,43.255001068115234,2.4029998779296875
-0.05999999865889549,43.38999938964844,2.392500162124634,0.05999999865889549,43.51000213623047,2.4075000286102295
-0.054999999701976776,47.14500045776367,2.36899995803833,0.054999999701976776,47.255001068115234,2.4029998779296875
-0.05999999865889549,47.38999938964844,2.392500162124634,0.05999999865889549,47.51000213623047,2.4075000286102295
-1.0940001010894775,30.076000213623047,2.3514997959136963,-1.0460000038146973,30.124000549316406,2.368499994277954
-0.5539999604225159,30.076000213623047,2.3514997959136963,-0.5059999823570251,30.124000549316406,2.368499994277954
0.5059999823570251,30.076000213623047,2.3514997959136963,0.5539999604225159,30.124000549316406,2.368499994277954
1.0460000038146973,30.076000213623047,2.3514997959136963,1.0940001010894775,30.124000549316406,2.368499994277954
-1.0940001010894775,31.055999755859375,2.3514997959136963,-1.0460000038146973,31.104000091552734,2.368499994277954
-0.5539999604225159,31.055999755859375,2.3514997959136963,-0.5059999823570251,31.104000091552734,2.368499994277954
0.5059999823570251,31.055999755859375,2.3514997959136963,0.5539999604225159,31.104000091552734,2.368499994277954
1.0460000038146973,31.055999755859375,2.3514997959136963,1.0940001010894775,31.104000091552734,2.368499994277954
-1.0940001010894775,32.03600311279297,2.3514997959136963,-1.0460000038146973,32.08399963378906,2.368499994277954
-0.5539999604225159,32.03600311279297,2.3514997959136963,-0.5059999823570251,32.08399963378906,2.368499994277954
0.5059999823570251,32.03600311279297,2.3514997959136963,0.5539999604225159,32.08399963378906,2.368499994277954
1.0460000038146973,32.03600311279297,2.3514997959136963,1.0940001010894775,32.08399963378906,2.368499994277954
-1.0940001010894775,33.0160026550293,2.3514997959136963,-1.0460000038146973,33.06399917602539,2.368499994277954
-0.5539999604225159,33.0160026550293,2.3514997959136963,-0.5059999823570251,33.06399917602539,2.368499994277954
0.5059999823570251,33.0160026550293,2.3514997959136963,0.5539999604225159,33.06399917602539,2.368499994277954
1.0460000038146973,33.0160026550293,2.3514997959136963,1.0940001010894775,33.06399917602539,2.368499994277954
-1.0940001010894775,33.996002197265625,2.3514997959136963,-1.0460000038146973,34.04399871826172,2.368499994277954
-0.5539999604225159,33.996002197265625,2.3514997959136963,-0.5059999823570251,34.04399871826172,2.368499994277954
0.5059999823570251,33.996002197265625,2.3514997959136963,0.5539999604225159,34.04399871826172,2.368499994277954
1.0460000038146973,33.996002197265625,2.3514997959136963,1.0940001010894775,34.04399871826172,2.368499994277954
-1.0940001010894775,34.97600173950195,2.3514997959136963,-1.0460000038146973,35.02399826049805,2.368499994277954
-0.5539999604225159,34.97600173950195,2.3514997959136963,-0.5059999823570251,35.02399826049805,2.368499994277954
0.5059999823570251,34.97600173950195,2.3514997959136963,0.5539999604225159,35.02399826049805,2.368499994277954
1.0460000038146973,34.97600173950195,2.3514997959136963,1.0940001010894775,35.02399826049805,2.368499994277954
-1.0940001010894775,35.95600128173828,2.3514997959136963,-1.0460000038146973,36.003997802734375,2.368499994277954
-0.5539999604225159,35.95600128173828,2.3514997959136963,-0.5059999823570251,36.003997802734375,2.368499994277954
0.5059999823570251,35.95600128173828,2.3514997959136963,0.5539999604225159,36.003997802734375,2.368499994277954
1.0460000038146973,35.95600128173828,2.3514997959136963,1.0940001010894775,36.003997802734375,2.368499994277954
-1.0940001010894775,37.53600311279297,2.3514997959136963,-1.0460000038146973,37.58399963378906,2.368499994277954
-0.5539999604225159,37.53600311279297,2.3514997959136963,-0.5059999823570251,37.58399963378906,2.368499994277954
0.5059999823570251,37.53600311279297,2.3514997959136963,0.5539999604225159,37.58399963378906,2.368499994277954
1.0460000038146973,37.53600311279297,2.3514997959136963,1.0940001010894775,37.58399963378906,2.368499994277954
-1.0940001010894775,38.5160026550293,2.3514997959136963,-1.0460000038146973,38.56399917602539,2.368499994277954
-0.5539999604225159,38.5160026550293,2.3514997959136963,-0.5059999823570251,38.56399917602539,2.368499994277954
0.5059999823570251,38.5160026550293,2.3514997959136963,0.5539999604225159,38.56399917602539,2.368499994277954
1.0460000038146973,38.5160026550293,2.3514997959136963,1.0940001010894775,38.56399917602539,2.368499994277954
-1.0940001010894775,39.496002197265625,2.3514997959136963,-1.0460000038146973,39.54399871826172,2.368499994277954
-0.5539999604225159,39.496002197265625,2.3514997959136963,-0.5059999823570251,39.54399871826172,2.368499994277954
0.5059999823570251,39.496002197265625,2.3514997959136963,0.5539999604225159,39.54399871826172,2.368499994277954
1.0460000038146973,39.496002197265625,2.3514997959136963,1.0940001010894775,39.54399871826172,2.368499994277954
-1.0940001010894775,40.47600173950195,2.3514997959136963,-1.0460000038146973,40.52399826049805,2.368499994277954
-0.5539999604225159,40.47600173950195,2.3514997959136963,-0.5059999823570251,40.52399826049805,2.368499994277954
0.5059999823570251,40.47600173950195,2.3514997959136963,0.5539999604225159,40.52399826049805,2.368499994277954
1.0460000038146973,40.47600173950195,2.3514997959136963,1.0940001010894775,40.52399826049805,2.368499994277954
-1.0940001010894775,41.45600128173828,2.3514997959136963,-1.0460000038146973,41.503997802734375,2.368499994277954
-0.5539999604225159,41.45600128173828,2.3514997959136963,-0.5059999823570251,41.503997802734375,2.368499994277954
0.5059999823570251,41.45600128173828,2.3514997959136963,0.5539999604225159,41.503997802734375,2.368499994277954
1.0460000038146973,41.45600128173828,2.3514997959136963,1.0940001010894775,41.503997802734375,2.368499994277954
-1.0940001010894775,42.43600082397461,2.3514997959136963,-1.0460000038146973,42.4839973449707,2.368499994277954
-0.5539999604225159,42.43600082397461,2.3514997959136963,-0.5059999823570251,42.4839973449707,2.368499994277954
0.5059999823570251,42.43600082397461,2.3514997959136963,0.5539999604225159,42.4839973449707,2.368499994277954
1.0460000038146973,42.43600082397461,2.3514997959136963,1.0940001010894775,42.4839973449707,2.368499994277954
-1.0940001010894775,43.41600036621094,2.3514997959136963,-1.0460000038146973,43.46399688720703,2.368499994277954
-0.5539999604225159,43.41600036621094,2.3514997959136963,-0.5059999823570251,43.46399688720703,2.368499994277954
0.5059999823570251,43.41600036621094,2.3514997959136963,0.5539999604225159,43.46399688720703,2.368499994277954
1.0460000038146973,43.41600036621094,2.3514997959136963,1.0940001010894775,43.46399688720703,2.368499994277954
-1.350000023841858,50.650001525878906,2.325000047683716,-1.03000009059906,54.400001525878906,2.4049999713897705
-1.350000023841858,54.400001525878906,2.325000047683716,-1.03000009059906,58.400001525878906,2.4049999713897705
-1.350000023841858,58.400001525878906,2.325000047683716,-1.03000009059906,62.400001525878906,2.4049999713897705
-1.350000023841858,62.400001525878906,2.325000047683716,-1.03000009059906,66.4000015258789,2.4049999713897705
-1.350000023841858,66.4000015258789,2.325000047683716,-1.03000009059906,70.4000015258789,2.4049999713897705
-1.350000023841858,70.4000015258789,2.325000047683716,-1.03000009059906,74.1500015258789,2.4049999713897705
-1.25,50.70000076293945,2.309000015258789,-1.1099998950958252,54.39999771118164,2.3309998512268066
-1.25,54.400001525878906,2.309000015258789,-1.1099998950958252,58.400001525878906,2.3309998512268066
-1.25,58.400001525878906,2.309000015258789,-1.1099998950958252,62.400001525878906,2.3309998512268066
-1.25,62.400001525878906,2.309000015258789,-1.1099998950958252,66.4000015258789,2.3309998512268066
-1.25,66.4000015258789,2.309000015258789,-1.1099998950958252,70.4000015258789,2.3309998512268066
-1.25,70.4000015258789,2.309000015258789,-1.1099998950958252,74.0999984741211,2.3309998512268066
-1.6349999904632568,50.400001525878906,2.2799999713897705,-1.3650000095367432,54.400001525878906,2.419999837875366
-1.6349999904632568,54.400001525878906,2.2799999713897705,-1.3650000095367432,58.400001525878906,2.419999837875366
-1.6349999904632568,58.400001525878906,2.2799999713897705,-1.3650000095367432,62.400001525878906,2.419999837875366
-1.6349999904632568,62.400001525878906,2.2799999713897705,-1.3650000095367432,66.4000015258789,2.419999837875366
-1.6349999904632568,66.4000015258789,2.2799999713897705,-1.3650000095367432,70.4000015258789,2.419999837875366
-1.6349999904632568,70.4000015258789,2.2799999713897705,-1.3650000095367432,74.4000015258789,2.419999837875366
1.03000009059906,50.650001525878906,2.325000047683716,1.350000023841858,54.400001525878906,2.4049999713897705
1.03000009059906,54.400001525878906,2.325000047683716,1.350000023841858,58.400001525878906,2.4049999713897705
1.03000009059906,58.400001525878906,2.325000047683716,1.350000023841858,62.400001525878906,2.4049999713897705
1.03000009059906,62.400001525878906,2.325000047683716,1.350000023841858,66.4000015258789,2.4049999713897705
1.03000009059906,66.4000015258789,2.325000047683716,1.350000023841858,70.4000015258789,2.4049999713897705
1.03000009059906,70.4000015258789,2.325000047683716,1.350000023841858,74.1500015258789,2.4049999713897705
1.1099998950958252,50.70000076293945,2.309000015258789,1.25,54.39999771118164,2.3309998512268066
1.1099998950958252,54.400001525878906,2.309000015258789,1.25,58.400001525878906,2.3309998512268066
1.1099998950958252,58.400001525878906,2.309000015258789,1.25,62.400001525878906,2.3309998512268066
1.1099998950958252,62.400001525878906,2.309000015258789,1.25,66.4000015258789,2.3309998512268066
1.1099998950958252,66.4000015258789,2.309000015258789,1.25,70.4000015258789,2.3309998512268066
1.1099998950958252,70.4000015258789,2.309000015258789,1.25,74.0999984741211,2.3309998512268066
1.3650000095367432,50.400001525878906,2.2799999713897705,1.6349999904632568,54.400001525878906,2.419999837875366
1.3650000095367432,54.400001525878906,2.2799999713897705,1.6349999904632568,58.400001525878906,2.419999837875366
1.3650000095367432,58.400001525878906,2.2799999713897705,1.6349999904632568,62.400001525878906,2.419999837875366
1.3650000095367432,62.400001525878906,2.2799999713897705,1.6349999904632568,66.4000015258789,2.419999837875366
1.3650000095367432,66.4000015258789,2.2799999713897705,1.6349999904632568,70.4000015258789,2.419999837875366
1.3650000095367432,70.4000015258789,2.2799999713897705,1.6349999904632568,74.4000015258789,2.419999837875366
-1.3600000143051147,50.400001525878906,2.4200000762939453,1.3600000143051147,54.400001525878906,2.5399999618530273
-1.3600000143051147,54.400001525878906,2.4200000762939453,1.3600000143051147,58.400001525878906,2.5399999618530273
-1.3600000143051147,58.400001525878906,2.4200000762939453,1.3600000143051147,62.400001525878906,2.5399999618530273
-1.3600000143051147,62.400001525878906,2.4200000762939453,1.3600000143051147,66.4000015258789,2.5399999618530273
-1.3600000143051147,66.4000015258789,2.4200000762939453,1.3600000143051147,70.4000015258789,2.5399999618530273
-1.3600000143051147,70.4000015258789,2.4200000762939453,1.3600000143051147,74.4000015258789,2.5399999618530273
-1.159999966621399,51.897003173828125,2.4110000133514404,1.159999966621399,51.90299987792969,2.4170000553131104
-1.159999966621399,53.397003173828125,2.4110000133514404,1.159999966621399,53.40299987792969,2.4170000553131104
-1.159999966621399,54.897003173828125,2.4110000133514404,1.159999966621399,54.90299987792969,2.4170000553131104
-1.159999966621399,56.397003173828125,2.4110000133514404,1.159999966621399,56.40299987792969,2.4170000553131104
-1.159999966621399,57.897003173828125,2.4110000133514404,1.159999966621399,57.90299987792969,2.4170000553131104
-1.159999966621399,59.397003173828125,2.4110000133514404,1.159999966621399,59.40299987792969,2.4170000553131104
-1.159999966621399,60.897003173828125,2.4110000133514404,1.159999966621399,60.90299987792969,2.4170000553131104
-1.159999966621399,62.397003173828125,2.4110000133514404,1.159999966621399,62.40299987792969,2.4170000553131104
-1.159999966621399,63.897003173828125,2.4110000133514404,1.159999966621399,63.90299987792969,2.4170000553131104
-1.159999966621399,65.39700317382812,2.4110000133514404,1.159999966621399,65.40299987792969,2.4170000553131104
-1.159999966621399,66.89700317382812,2.4110000133514404,1.159999966621399,66.90299987792969,2.4170000553131104
-1.159999966621399,68.39700317382812,2.4110000133514404,1.159999966621399,68.40299987792969,2.4170000553131104
-1.159999966621399,69.89700317382812,2.4110000133514404,1.159999966621399,69.90299987792969,2.4170000553131104
-1.159999966621399,71.39700317382812,2.4110000133514404,1.159999966621399,71.40299987792969,2.4170000553131104
-1.159999966621399,72.89700317382812,2.4110000133514404,1.159999966621399,72.90299987792969,2.4170000553131104
-0.7400000095367432,50.650001525878906,2.4010000228881836,-0.5800000429153442,54.400001525878906,2.4190001487731934
-0.7400000095367432,54.400001525878906,2.4010000228881836,-0.5800000429153442,58.400001525878906,2.4190001487731934
-0.7400000095367432,58.400001525878906,2.4010000228881836,-0.5800000429153442,62.400001525878906,2.4190001487731934
-0.7400000095367432,62.400001525878906,2.4010000228881836,-0.5800000429153442,66.4000015258789,2.4190001487731934
-0.7400000095367432,66.4000015258789,2.4010000228881836,-0.5800000429153442,70.4000015258789,2.4190001487731934
-0.7400000095367432,70.4000015258789,2.4010000228881836,-0.5800000429153442,74.1500015258789,2.4190001487731934
-0.7125000357627869,50.62750244140625,2.3930001258850098,-0.6075000166893005,50.67250061035156,2.4010000228881836
-0.7125000357627869,50.95750045776367,2.3930001258850098,-0.6075000166893005,51.002498626708984,2.4010000228881836
-0.7125000357627869,51.28750228881836,2.3930001258850098,-0.6075000166893005,51.33250045776367,2.4010000228881836
-0.7125000357627869,51.61750030517578,2.3930001258850098,-0.6075000166893005,51.662498474121094,2.4010000228881836
-0.7125000357627869,51.94750213623047,2.3930001258850098,-0.6075000166893005,51.99250030517578,2.4010000228881836
-0.7125000357627869,52.27750015258789,2.3930001258850098,-0.6075000166893005,52.3224983215332,2.4010000228881836
-0.7125000357627869,52.60750198364258,2.3930001258850098,-0.6075000166893005,52.65250015258789,2.4010000228881836
-0.7125000357627869,52.9375,2.3930001258850098,-0.6075000166893005,52.98249816894531,2.4010000228881836
-0.7125000357627869,53.26750183105469,2.3930001258850098,-0.6075000166893005,53.3125,2.4010000228881836
-0.7125000357627869,53.59749984741211,2.3930001258850098,-0.6075000166893005,53.64249801635742,2.4010000228881836
-0.7125000357627869,53.9275016784668,2.3930001258850098,-0.6075000166893005,53.97249984741211,2.4010000228881836
-0.7125000357627869,54.25749969482422,2.3930001258850098,-0.6075000166893005,54.30249786376953,2.4010000228881836
-0.7125000357627869,54.587501525878906,2.3930001258850098,-0.6075000166893005,54.63249969482422,2.4010000228881836
-0.7125000357627869,54.91749954223633,2.3930001258850098,-0.6075000166893005,54.96249771118164,2.4010000228881836
-0.7125000357627869,55.247501373291016,2.3930001258850098,-0.6075000166893005,55.29249954223633,2.4010000228881836
-0.7125000357627869,55.57749938964844,2.3930001258850098,-0.6075000166893005,55.62249755859375,2.4010000228881836
-0.7125000357627869,55.907501220703125,2.3930001258850098,-0.6075000166893005,55.95249938964844,2.4010000228881836
-0.7125000357627869,56.23749923706055,2.3930001258850098,-0.6075000166893005,56.28249740600586,2.4010000228881836
-0.7125000357627869,56.567501068115234,2.3930001258850098,-0.6075000166893005,56.61249923706055,2.4010000228881836
-0.7125000357627869,56.897499084472656,2.3930001258850098,-0.6075000166893005,56.94249725341797,2.4010000228881836
-0.7125000357627869,57.227500915527344,2.3930001258850098,-0.6075000166893005,57.272499084472656,2.4010000228881836
-0.7125000357627869,57.55750274658203,2.3930001258850098,-0.6075000166893005,57.602500915527344,2.4010000228881836
-0.7125000357627869,57.88750076293945,2.3930001258850098,-0.6075000166893005,57.932498931884766,2.4010000228881836
-0.7125000357627869,58.21750259399414,2.3930001258850098,-0.6075000166893005,58.26250076293945,2.4010000228881836
-0.7125000357627869,58.54750061035156,2.3930001258850098,-0.6075000166893005,58.592498779296875,2.4010000228881836
-0.7125000357627869,58.87750244140625,2.3930001258850098,-0.6075000166893005,58.92250061035156,2.4010000228881836
-0.7125000357627869,59.20750045776367,2.3930001258850098,-0.6075000166893005,59.252498626708984,2.4010000228881836
-0.7125000357627869,59.53750228881836,2.3930001258850098,-0.6075000166893005,59.58250045776367,2.4010000228881836
-0.7125000357627869,59.86750030517578,2.3930001258850098,-0.6075000166893005,59.912498474121094,2.4010000228881836
-0.7125000357627869,60.19750213623047,2.3930001258850098,-0.6075000166893005,60.24250030517578,2.4010000228881836
-0.7125000357627869,60.52750015258789,2.3930001258850098,-0.6075000166893005,60.5724983215332,2.4010000228881836
-0.7125000357627869,60.85750198364258,2.3930001258850098,-0.6075000166893005,60.90250015258789,2.4010000228881836
-0.7125000357627869,61.1875,2.3930001258850098,-0.6075000166893005,61.23249816894531,2.4010000228881836
-0.7125000357627869,61.51750183105469,2.3930001258850098,-0.6075000166893005,61.5625,2.4010000228881836
-0.7125000357627869,61.84749984741211,2.3930001258850098,-0.6075000166893005,61.89249801635742,2.4010000228881836
-0.7125000357627869,62.1775016784668,2.3930001258850098,-0.6075000166893005,62.22249984741211,2.4010000228881836
-0.7125000357627869,62.50749969482422,2.3930001258850098,-0.6075000166893005,62.55249786376953,2.4010000228881836
-0.7125000357627869,62.837501525878906,2.3930001258850098,-0.6075000166893005,62.88249969482422,2.4010000228881836
-0.7125000357627869,63.16749954223633,2.3930001258850098,-0.6075000166893005,63.21249771118164,2.4010000228881836
-0.7125000357627869,63.497501373291016,2.3930001258850098,-0.6075000166893005,63.54249954223633,2.4010000228881836
-0.7125000357627869,63.82749938964844,2.3930001258850098,-0.6075000166893005,63.87249755859375,2.4010000228881836
-0.7125000357627869,64.15750122070312,2.3930001258850098,-0.6075000166893005,64.20249938964844,2.4010000228881836
-0.7125000357627869,64.48750305175781,2.3930001258850098,-0.6075000166893005,64.53250122070312,2.4010000228881836
-0.7125000357627869,64.81749725341797,2.3930001258850098,-0.6075000166893005,64.86249542236328,2.4010000228881836
-0.7125000357627869,65.14749908447266,2.3930001258850098,-0.6075000166893005,65.19249725341797,2.4010000228881836
-0.7125000357627869,65.47750091552734,2.3930001258850098,-0.6075000166893005,65.52249908447266,2.4010000228881836
-0.7125000357627869,65.80750274658203,2.3930001258850098,-0.6075000166893005,65.85250091552734,2.4010000228881836
-0.7125000357627869,66.13750457763672,2.3930001258850098,-0.6075000166893005,66.18250274658203,2.4010000228881836
-0.7125000357627869,66.46749877929688,2.3930001258850098,-0.6075000166893005,66.51249694824219,2.4010000228881836
-0.7125000357627869,66.79750061035156,2.3930001258850098,-0.6075000166893005,66.84249877929688,2.4010000228881836
-0.7125000357627869,67.12750244140625,2.3930001258850098,-0.6075000166893005,67.17250061035156,2.4010000228881836
-0.7125000357627869,67.45750427246094,2.3930001258850098,-0.6075000166893005,67.50250244140625,2.4010000228881836
-0.7125000357627869,67.7874984741211,2.3930001258850098,-0.6075000166893005,67.8324966430664,2.4010000228881836
-0.7125000357627869,68.11750030517578,2.3930001258850098,-0.6075000166893005,68.1624984741211,2.4010000228881836
-0.7125000357627869,68.44750213623047,2.3930001258850098,-0.6075000166893005,68.49250030517578,2.4010000228881836
-0.7125000357627869,68.77750396728516,2.3930001258850098,-0.6075000166893005,68.82250213623047,2.4010000228881836
-0.7125000357627869,69.10749816894531,2.3930001258850098,-0.6075000166893005,69.15249633789062,2.4010000228881836
-0.7125000357627869,69.4375,2.3930001258850098,-0.6075000166893005,69.48249816894531,2.4010000228881836
-0.7125000357627869,69.76750183105469,2.3930001258850098,-0.6075000166893005,69.8125,2.4010000228881836
-0.7125000357627869,70.09750366210938,2.3930001258850098,-0.6075000166893005,70.14250183105469,2.4010000228881836
-0.7125000357627869,70.42749786376953,2.3930001258850098,-0.6075000166893005,70.47249603271484,2.4010000228881836
-0.7125000357627869,70.75749969482422,2.3930001258850098,-0.6075000166893005,70.80249786376953,2.4010000228881836
-0.7125000357627869,71.0875015258789,2.3930001258850098,-0.6075000166893005,71.13249969482422,2.4010000228881836
-0.7125000357627869,71.4175033569336,2.3930001258850098,-0.6075000166893005,71.4625015258789,2.4010000228881836
-0.7125000357627869,71.74749755859375,2.3930001258850098,-0.6075000166893005,71.79249572753906,2.4010000228881836
-0.7125000357627869,72.07749938964844,2.3930001258850098,-0.6075000166893005,72.12249755859375,2.4010000228881836
-0.7125000357627869,72.40750122070312,2.3930001258850098,-0.6075000166893005,72.45249938964844,2.4010000228881836
-0.7125000357627869,72.73750305175781,2.3930001258850098,-0.6075000166893005,72.78250122070312,2.4010000228881836
-0.7125000357627869,73.06749725341797,2.3930001258850098,-0.6075000166893005,73.11249542236328,2.4010000228881836
-0.7125000357627869,73.39749908447266,2.3930001258850098,-0.6075000166893005,73.44249725341797,2.4010000228881836
-0.7125000357627869,73.72750091552734,2.3930001258850098,-0.6075000166893005,73.77249908447266,2.4010000228881836
-0.7125000357627869,74.05750274658203,2.3930001258850098,-0.6075000166893005,74.10250091552734,2.4010000228881836
0.5800000429153442,50.650001525878906,2.4010000228881836,0.7400000095367432,54.400001525878906,2.4190001487731934
0.5800000429153442,54.400001525878906,2.4010000228881836,0.7400000095367432,58.400001525878906,2.4190001487731934
0.5800000429153442,58.400001525878906,2.4010000228881836,0.7400000095367432,62.400001525878906,2.4190001487731934
0.5800000429153442,62.400001525878906,2.4010000228881836,0.7400000095367432,66.4000015258789,2.4190001487731934
0.5800000429153442,66.4000015258789,2.4010000228881836,0.7400000095367432,70.4000015258789,2.4190001487731934
0.5800000429153442,70.4000015258789,2.4010000228881836,0.7400000095367432,74.1500015258789,2.4190001487731934
0.6075000166893005,50.62750244140625,2.3930001258850098,0.7125000357627869,50.67250061035156,2.4010000228881836
0.6075000166893005,50.95750045776367,2.3930001258850098,0.7125000357627869,51.002498626708984,2.4010000228881836
0.6075000166893005,51.28750228881836,2.3930001258850098,0.7125000357627869,51.33250045776367,2.4010000228881836
0.6075000166893005,51.61750030517578,2.3930001258850098,0.7125000357627869,51.662498474121094,2.4010000228881836
0.6075000166893005,51.94750213623047,2.3930001258850098,0.7125000357627869,51.99250030517578,2.4010000228881836
0.6075000166893005,52.27750015258789,2.3930001258850098,0.7125000357627869,52.3224983215332,2.4010000228881836
0.6075000166893005,52.60750198364258,2.3930001258850098,0.7125000357627869,52.65250015258789,2.4010000228881836
0.6075000166893005,52.9375,2.3930001258850098,0.7125000357627869,52.98249816894531,2.4010000228881836
0.6075000166893005,53.26750183105469,2.3930001258850098,0.7125000357627869,53.3125,2.4010000228881836
0.6075000166893005,53.59749984741211,2.3930001258850098,0.7125000357627869,53.64249801635742,2.4010000228881836
0.6075000166893005,53.9275016784668,2.3930001258850098,0.7125000357627869,53.97249984741211,2.4010000228881836
0.6075000166893005,54.25749969482422,2.3930001258850098,0.7125000357627869,54.30249786376953,2.4010000228881836
0.6075000166893005,54.587501525878906,2.3930001258850098,0.7125000357627869,54.63249969482422,2.4010000228881836
0.6075000166893005,54.91749954223633,2.3930001258850098,0.7125000357627869,54.96249771118164,2.4010000228881836
0.6075000166893005,55.247501373291016,2.3930001258850098,0.7125000357627869,55.29249954223633,2.4010000228881836
0.6075000166893005,55.57749938964844,2.3930001258850098,0.7125000357627869,55.62249755859375,2.4010000228881836
0.6075000166893005,55.907501220703125,2.3930001258850098,0.7125000357627869,55.95249938964844,2.4010000228881836
0.6075000166893005,56.23749923706055,2.3930001258850098,0.7125000357627869,56.28249740600586,2.4010000228881836
0.6075000166893005,56.567501068115234,2.3930001258850098,0.7125000357627869,56.61249923706055,2.4010000228881836
0.6075000166893005,56.897499084472656,2.3930001258850098,0.7125000357627869,56.94249725341797,2.4010000228881836
0.6075000166893005,57.227500915527344,2.3930001258850098,0.7125000357627869,57.272499084472656,2.4010000228881836
0.6075000166893005,57.55750274658203,2.3930001258850098,0.7125000357627869,57.602500915527344,2.4010000228881836
0.6075000166893005,57.88750076293945,2.3930001258850098,0.7125000357627869,57.932498931884766,2.4010000228881836
0.6075000166893005,58.21750259399414,2.3930001258850098,0.7125000357627869,58.26250076293945,2.4010000228881836
0.6075000166893005,58.54750061035156,2.3930001258850098,0.7125000357627869,58.592498779296875,2.4010000228881836
0.6075000166893005,58.87750244140625,2.3930001258850098,0.7125000357627869,58.92250061035156,2.4010000228881836
0.6075000166893005,59.20750045776367,2.3930001258850098,0.7125000357627869,59.252498626708984,2.4010000228881836
0.6075000166893005,59.53750228881836,2.3930001258850098,0.7125000357627869,59.58250045776367,2.4010000228881836
0.6075000166893005,59.86750030517578,2.3930001258850098,0.7125000357627869,59.912498474121094,2.4010000228881836
0.6075000166893005,60.19750213623047,2.3930001258850098,0.7125000357627869,60.24250030517578,2.4010000228881836
0.6075000166893005,60.52750015258789,2.3930001258850098,0.7125000357627869,60.5724983215332,2.4010000228881836
0.6075000166893005,60.85750198364258,2.3930001258850098,0.7125000357627869,60.90250015258789,2.4010000228881836
0.6075000166893005,61.1875,2.3930001258850098,0.7125000357627869,61.23249816894531,2.4010000228881836
0.6075000166893005,61.51750183105469,2.3930001258850098,0.7125000357627869,61.5625,2.4010000228881836
0.6075000166893005,61.84749984741211,2.3930001258850098,0.7125000357627869,61.89249801635742,2.4010000228881836
0.6075000166893005,62.1775016784668,2.3930001258850098,0.7125000357627869,62.22249984741211,2.4010000228881836
0.6075000166893005,62.50749969482422,2.3930001258850098,0.7125000357627869,62.55249786376953,2.4010000228881836
0.6075000166893005,62.837501525878906,2.3930001258850098,0.7125000357627869,62.88249969482422,2.4010000228881836
0.6075000166893005,63.16749954223633,2.3930001258850098,0.7125000357627869,63.21249771118164,2.4010000228881836
0.6075000166893005,63.497501373291016,2.3930001258850098,0.7125000357627869,63.54249954223633,2.4010000228881836
0.6075000166893005,63.82749938964844,2.3930001258850098,0.7125000357627869,63.87249755859375,2.4010000228881836
0.6075000166893005,64.15750122070312,2.3930001258850098,0.7125000357627869,64.20249938964844,2.4010000228881836
0.6075000166893005,64.48750305175781,2.3930001258850098,0.7125000357627869,64.53250122070312,2.4010000228881836
0.6075000166893005,64.81749725341797,2.3930001258850098,0.7125000357627869,64.86249542236328,2.4010000228881836
0.6075000166893005,65.14749908447266,2.3930001258850098,0.7125000357627869,65.19249725341797,2.4010000228881836
0.6075000166893005,65.47750091552734,2.3930001258850098,0.7125000357627869,65.52249908447266,2.4010000228881836
0.6075000166893005,65.80750274658203,2.3930001258850098,0.7125000357627869,65.85250091552734,2.4010000228881836
0.6075000166893005,66.13750457763672,2.3930001258850098,0.7125000357627869,66.18250274658203,2.4010000228881836
0.6075000166893005,66.46749877929688,2.3930001258850098,0.7125000357627869,66.51249694824219,2.4010000228881836
0.6075000166893005,66.79750061035156,2.3930001258850098,0.7125000357627869,66.84249877929688,2.4010000228881836
0.6075000166893005,67.12750244140625,2.3930001258850098,0.7125000357627869,67.17250061035156,2.4010000228881836
0.6075000166893005,67.45750427246094,2.3930001258850098,0.7125000357627869,67.50250244140625,2.4010000228881836
0.6075000166893005,67.7874984741211,2.3930001258850098,0.7125000357627869,67.8324966430664,2.4010000228881836
0.6075000166893005,68.11750030517578,2.3930001258850098,0.7125000357627869,68.1624984741211,2.4010000228881836
0.6075000166893005,68.44750213623047,2.3930001258850098,0.7125000357627869,68.49250030517578,2.4010000228881836
0.6075000166893005,68.77750396728516,2.3930001258850098,0.7125000357627869,68.82250213623047,2.4010000228881836
0.6075000166893005,69.10749816894531,2.3930001258850098,0.7125000357627869,69.15249633789062,2.4010000228881836
0.6075000166893005,69.4375,2.3930001258850098,0.7125000357627869,69.48249816894531,2.4010000228881836
0.6075000166893005,69.76750183105469,2.3930001258850098,0.7125000357627869,69.8125,2.4010000228881836
0.6075000166893005,70.09750366210938,2.3930001258850098,0.7125000357627869,70.14250183105469,2.4010000228881836
0.6075000166893005,70.42749786376953,2.3930001258850098,0.7125000357627869,70.47249603271484,2.4010000228881836
0.6075000166893005,70.75749969482422,2.3930001258850098,0.7125000357627869,70.80249786376953,2.4010000228881836
0.6075000166893005,71.0875015258789,2.3930001258850098,0.7125000357627869,71.13249969482422,2.4010000228881836
0.6075000166893005,71.4175033569336,2.3930001258850098,0.7125000357627869,71.4625015258789,2.4010000228881836
0.6075000166893005,71.74749755859375,2.3930001258850098,0.7125000357627869,71.79249572753906,2.4010000228881836
0.6075000166893005,72.07749938964844,2.3930001258850098,0.7125000357627869,72.12249755859375,2.4010000228881836
0.6075000166893005,72.40750122070312,2.3930001258850098,0.7125000357627869,72.45249938964844,2.4010000228881836
0.6075000166893005,72.73750305175781,2.3930001258850098,0.7125000357627869,72.78250122070312,2.4010000228881836
0.6075000166893005,73.06749725341797,2.3930001258850098,0.7125000357627869,73.11249542236328,2.4010000228881836
0.6075000166893005,73.39749908447266,2.3930001258850098,0.7125000357627869,73.44249725341797,2.4010000228881836
0.6075000166893005,73.72750091552734,2.3930001258850098,0.7125000357627869,73.77249908447266,2.4010000228881836
0.6075000166893005,74.05750274658203,2.3930001258850098,0.7125000357627869,74.10250091552734,2.4010000228881836
-0.054999999701976776,53.345001220703125,2.36899995803833,0.054999999701976776,53.45500183105469,2.4029998779296875
-0.05999999865889549,53.59000015258789,2.392500162124634,0.05999999865889549,53.71000289916992,2.4075000286102295
-0.054999999701976776,58.345001220703125,2.36899995803833,0.054999999701976776,58.45500183105469,2.4029998779296875
-0.05999999865889549,58.59000015258789,2.392500162124634,0.05999999865889549,58.71000289916992,2.4075000286102295
-0.054999999701976776,63.345001220703125,2.36899995803833,0.054999999701976776,63.45500183105469,2.4029998779296875
-0.05999999865889549,63.59000015258789,2.392500162124634,0.05999999865889549,63.71000289916992,2.4075000286102295
-0.054999999701976776,68.34500122070312,2.36899995803833,0.054999999701976776,68.45500183105469,2.4029998779296875
-0.05999999865889549,68.59000396728516,2.392500162124634,0.05999999865889549,68.70999908447266,2.4075000286102295
-0.054999999701976776,72.34500122070312,2.36899995803833,0.054999999701976776,72.45500183105469,2.4029998779296875
-0.05999999865889549,72.59000396728516,2.392500162124634,0.05999999865889549,72.70999908447266,2.4075000286102295
-1.0940001010894775,55.2760009765625,2.3514997959136963,-1.0460000038146973,55.323997497558594,2.368499994277954
-0.5539999604225159,55.2760009765625,2.3514997959136963,-0.5059999823570251,55.323997497558594,2.368499994277954
0.5059999823570251,55.2760009765625,2.3514997959136963,0.5539999604225159,55.323997497558594,2.368499994277954
1.0460000038146973,55.2760009765625,2.3514997959136963,1.0940001010894775,55.323997497558594,2.368499994277954
-1.0940001010894775,56.20600128173828,2.3514997959136963,-1.0460000038146973,56.253997802734375,2.368499994277954
-0.5539999604225159,56.20600128173828,2.3514997959136963,-0.5059999823570251,56.253997802734375,2.368499994277954
0.5059999823570251,56.20600128173828,2.3514997959136963,0.5539999604225159,56.253997802734375,2.368499994277954
1.0460000038146973,56.20600128173828,2.3514997959136963,1.0940001010894775,56.253997802734375,2.368499994277954
-1.0940001010894775,57.13600158691406,2.3514997959136963,-1.0460000038146973,57.183998107910156,2.368499994277954
-0.5539999604225159,57.13600158691406,2.3514997959136963,-0.5059999823570251,57.183998107910156,2.368499994277954
0.5059999823570251,57.13600158691406,2.3514997959136963,0.5539999604225159,57.183998107910156,2.368499994277954
1.0460000038146973,57.13600158691406,2.3514997959136963,1.0940001010894775,57.183998107910156,2.368499994277954
-1.0940001010894775,58.066001892089844,2.3514997959136963,-1.0460000038146973,58.11399841308594,2.368499994277954
-0.5539999604225159,58.066001892089844,2.3514997959136963,-0.5059999823570251,58.11399841308594,2.368499994277954
0.5059999823570251,58.066001892089844,2.3514997959136963,0.5539999604225159,58.11399841308594,2.368499994277954
1.0460000038146973,58.066001892089844,2.3514997959136963,1.0940001010894775,58.11399841308594,2.368499994277954
-1.0940001010894775,58.996002197265625,2.3514997959136963,-1.0460000038146973,59.04399871826172,2.368499994277954
-0.5539999604225159,58.996002197265625,2.3514997959136963,-0.5059999823570251,59.04399871826172,2.368499994277954
0.5059999823570251,58.996002197265625,2.3514997959136963,0.5539999604225159,59.04399871826172,2.368499994277954
1.0460000038146973,58.996002197265625,2.3514997959136963,1.0940001010894775,59.04399871826172,2.368499994277954
-1.0940001010894775,59.926002502441406,2.3514997959136963,-1.0460000038146973,59.9739990234375,2.368499994277954
-0.5539999604225159,59.926002502441406,2.3514997959136963,-0.5059999823570251,59.9739990234375,2.368499994277954
0.5059999823570251,59.926002502441406,2.3514997959136963,0.5539999604225159,59.9739990234375,2.368499994277954
1.0460000038146973,59.926002502441406,2.3514997959136963,1.0940001010894775,59.9739990234375,2.368499994277954
-1.0940001010894775,60.85600280761719,2.3514997959136963,-1.0460000038146973,60.90399932861328,2.368499994277954
-0.5539999604225159,60.85600280761719,2.3514997959136963,-0.5059999823570251,60.90399932861328,2.368499994277954
0.5059999823570251,60.85600280761719,2.3514997959136963,0.5539999604225159,60.90399932861328,2.368499994277954
1.0460000038146973,60.85600280761719,2.3514997959136963,1.0940001010894775,60.90399932861328,2.368499994277954
-1.0940001010894775,62.38600158691406,2.3514997959136963,-1.0460000038146973,62.433998107910156,2.368499994277954
-0.5539999604225159,62.38600158691406,2.3514997959136963,-0.5059999823570251,62.433998107910156,2.368499994277954
0.5059999823570251,62.38600158691406,2.3514997959136963,0.5539999604225159,62.433998107910156,2.368499994277954
1.0460000038146973,62.38600158691406,2.3514997959136963,1.0940001010894775,62.433998107910156,2.368499994277954
-1.0940001010894775,63.316001892089844,2.3514997959136963,-1.0460000038146973,63.36399841308594,2.368499994277954
-0.5539999604225159,63.316001892089844,2.3514997959136963,-0.5059999823570251,63.36399841308594,2.368499994277954
0.5059999823570251,63.316001892089844,2.3514997959136963,0.5539999604225159,63.36399841308594,2.368499994277954
1.0460000038146973,63.316001892089844,2.3514997959136963,1.0940001010894775,63.36399841308594,2.368499994277954
-1.0940001010894775,64.2459945678711,2.3514997959136963,-1.0460000038146973,64.29399871826172,2.368499994277954
-0.5539999604225159,64.2459945678711,2.3514997959136963,-0.5059999823570251,64.29399871826172,2.368499994277954
0.5059999823570251,64.2459945678711,2.3514997959136963,0.5539999604225159,64.29399871826172,2.368499994277954
1.0460000038146973,64.2459945678711,2.3514997959136963,1.0940001010894775,64.29399871826172,2.368499994277954
-1.0940001010894775,65.17599487304688,2.3514997959136963,-1.0460000038146973,65.2239990234375,2.368499994277954
-0.5539999604225159,65.17599487304688,2.3514997959136963,-0.5059999823570251,65.2239990234375,2.368499994277954
0.5059999823570251,65.17599487304688,2.3514997959136963,0.5539999604225159,65.2239990234375,2.368499994277954
1.0460000038146973,65.17599487304688,2.3514997959136963,1.0940001010894775,65.2239990234375,2.368499994277954
-1.0940001010894775,66.10599517822266,2.3514997959136963,-1.0460000038146973,66.15399932861328,2.368499994277954
-0.5539999604225159,66.10599517822266,2.3514997959136963,-0.5059999823570251,66.15399932861328,2.368499994277954
0.5059999823570251,66.10599517822266,2.3514997959136963,0.5539999604225159,66.15399932861328,2.368499994277954
1.0460000038146973,66.10599517822266,2.3514997959136963,1.0940001010894775,66.15399932861328,2.368499994277954
-1.0940001010894775,67.03599548339844,2.3514997959136963,-1.0460000038146973,67.08399963378906,2.368499994277954
-0.5539999604225159,67.03599548339844,2.3514997959136963,-0.5059999823570251,67.08399963378906,2.368499994277954
0.5059999823570251,67.03599548339844,2.3514997959136963,0.5539999604225159,67.08399963378906,2.368499994277954
1.0460000038146973,67.03599548339844,2.3514997959136963,1.0940001010894775,67.08399963378906,2.368499994277954
-1.0940001010894775,67.96599578857422,2.3514997959136963,-1.0460000038146973,68.01399993896484,2.368499994277954
-0.5539999604225159,67.96599578857422,2.3514997959136963,-0.5059999823570251,68.01399993896484,2.368499994277954
0.5059999823570251,67.96599578857422,2.3514997959136963,0.5539999604225159,68.01399993896484,2.368499994277954
1.0460000038146973,67.96599578857422,2.3514997959136963,1.0940001010894775,68.01399993896484,2.368499994277954
-1.350000023841858,75.8499984741211,2.325000047683716,-1.03000009059906,79.5999984741211,2.4049999713897705
-1.350000023841858,79.5999984741211,2.325000047683716,-1.03000009059906,83.5999984741211,2.4049999713897705
-1.350000023841858,83.5999984741211,2.325000047683716,-1.03000009059906,87.5999984741211,2.4049999713897705
-1.350000023841858,87.5999984741211,2.325000047683716,-1.03000009059906,91.5999984741211,2.4049999713897705
-1.350000023841858,91.5999984741211,2.325000047683716,-1.03000009059906,95.5999984741211,2.4049999713897705
-1.350000023841858,95.5999984741211,2.325000047683716,-1.03000009059906,99.3499984741211,2.4049999713897705
-1.25,75.9000015258789,2.309000015258789,-1.1099998950958252,79.5999984741211,2.3309998512268066
-1.25,79.5999984741211,2.309000015258789,-1.1099998950958252,83.5999984741211,2.3309998512268066
-1.25,83.5999984741211,2.309000015258789,-1.1099998950958252,87.5999984741211,2.3309998512268066
-1.25,87.5999984741211,2.309000015258789,-1.1099998950958252,91.5999984741211,2.3309998512268066
-1.25,91.5999984741211,2.309000015258789,-1.1099998950958252,95.5999984741211,2.3309998512268066
-1.25,95.5999984741211,2.309000015258789,-1.1099998950958252,99.29999542236328,2.3309998512268066
-1.6349999904632568,75.5999984741211,2.2799999713897705,-1.3650000095367432,79.5999984741211,2.419999837875366
-1.6349999904632568,79.5999984741211,2.2799999713897705,-1.3650000095367432,83.5999984741211,2.419999837875366
-1.6349999904632568,83.5999984741211,2.2799999713897705,-1.3650000095367432,87.5999984741211,2.419999837875366
-1.6349999904632568,87.5999984741211,2.2799999713897705,-1.3650000095367432,91.5999984741211,2.419999837875366
-1.6349999904632568,91.5999984741211,2.2799999713897705,-1.3650000095367432,95.5999984741211,2.419999837875366
-1.6349999904632568,95.5999984741211,2.2799999713897705,-1.3650000095367432,99.5999984741211,2.419999837875366
1.03000009059906,75.8499984741211,2.325000047683716,1.350000023841858,79.5999984741211,2.4049999713897705
1.03000009059906,79.5999984741211,2.325000047683716,1.350000023841858,83.5999984741211,2.4049999713897705
1.03000009059906,83.5999984741211,2.325000047683716,1.350000023841858,87.5999984741211,2.4049999713897705
1.03000009059906,87.5999984741211,2.325000047683716,1.350000023841858,91.5999984741211,2.4049999713897705
1.03000009059906,91.5999984741211,2.325000047683716,1.350000023841858,95.5999984741211,2.4049999713897705
1.03000009059906,95.5999984741211,2.325000047683716,1.350000023841858,99.3499984741211,2.4049999713897705
1.1099998950958252,75.9000015258789,2.309000015258789,1.25,79.5999984741211,2.3309998512268066
1.1099998950958252,79.5999984741211,2.309000015258789,1.25,83.5999984741211,2.3309998512268066
1.1099998950958252,83.5999984741211,2.309000015258789,1.25,87.5999984741211,2.3309998512268066
1.1099998950958252,87.5999984741211,2.309000015258789,1.25,91.5999984741211,2.3309998512268066
1.1099998950958252,91.5999984741211,2.309000015258789,1.25,95.5999984741211,2.3309998512268066
1.1099998950958252,95.5999984741211,2.309000015258789,1.25,99.29999542236328,2.3309998512268066
1.3650000095367432,75.5999984741211,2.2799999713897705,1.6349999904632568,79.5999984741211,2.419999837875366
1.3650000095367432,79.5999984741211,2.2799999713897705,1.6349999904632568,83.5999984741211,2.419999837875366
1.3650000095367432,83.5999984741211,2.2799999713897705,1.6349999904632568,87.5999984741211,2.419999837875366
1.3650000095367432,87.5999984741211,2.2799999713897705,1.6349999904632568,91.5999984741211,2.419999837875366
1.3650000095367432,91.5999984741211,2.2799999713897705,1.6349999904632568,95.5999984741211,2.419999837875366
1.3650000095367432,95.5999984741211,2.2799999713897705,1.6349999904632568,99.5999984741211,2.419999837875366
-1.3600000143051147,75.5999984741211,2.4200000762939453,1.3600000143051147,79.5999984741211,2.5399999618530273
-1.3600000143051147,79.5999984741211,2.4200000762939453,1.3600000143051147,83.5999984741211,2.5399999618530273
-1.3600000143051147,83.5999984741211,2.4200000762939453,1.3600000143051147,87.5999984741211,2.5399999618530273
-1.3600000143051147,87.5999984741211,2.4200000762939453,1.3600000143051147,91.5999984741211,2.5399999618530273
-1.3600000143051147,91.5999984741211,2.4200000762939453,1.3600000143051147,95.5999984741211,2.5399999618530273
-1.3600000143051147,95.5999984741211,2.4200000762939453,1.3600000143051147,99.5999984741211,2.5399999618530273
-1.159999966621399,77.09700012207031,2.4110000133514404,1.159999966621399,77.10299682617188,2.4170000553131104
-1.159999966621399,78.59700012207031,2.4110000133514404,1.159999966621399,78.60299682617188,2.4170000553131104
-1.159999966621399,80.09700012207031,2.4110000133514404,1.159999966621399,80.10299682617188,2.4170000553131104
-1.159999966621399,81.59700012207031,2.4110000133514404,1.159999966621399,81.60299682617188,2.4170000553131104
-1.159999966621399,83.09700012207031,2.4110000133514404,1.159999966621399,83.10299682617188,2.4170000553131104
-1.159999966621399,84.59700012207031,2.4110000133514404,1.159999966621399,84.60299682617188,2.4170000553131104
-1.159999966621399,86.09700012207031,2.4110000133514404,1.159999966621399,86.10299682617188,2.4170000553131104
-1.159999966621399,87.59700012207031,2.4110000133514404,1.159999966621399,87.60299682617188,2.4170000553131104
-1.159999966621399,89.09700012207031,2.4110000133514404,1.159999966621399,89.10299682617188,2.4170000553131104
-1.159999966621399,90.59700012207031,2.4110000133514404,1.159999966621399,90.60299682617188,2.4170000553131104
-1.159999966621399,92.09700012207031,2.4110000133514404,1.159999966621399,92.10299682617188,2.4170000553131104
-1.159999966621399,93.59700012207031,2.4110000133514404,1.159999966621399,93.60299682617188,2.4170000553131104
-1.159999966621399,95.09700012207031,2.4110000133514404,1.159999966621399,95.10299682617188,2.4170000553131104
-1.159999966621399,96.59700012207031,2.4110000133514404,1.159999966621399,96.60299682617188,2.4170000553131104
-1.159999966621399,98.09700012207031,2.4110000133514404,1.159999966621399,98.10299682617188,2.4170000553131104
-0.7400000095367432,75.8499984741211,2.4010000228881836,-0.5800000429153442,79.5999984741211,2.4190001487731934
-0.7400000095367432,79.5999984741211,2.4010000228881836,-0.5800000429153442,83.5999984741211,2.4190001487731934
-0.7400000095367432,83.5999984741211,2.4010000228881836,-0.5800000429153442,87.5999984741211,2.4190001487731934
-0.7400000095367432,87.5999984741211,2.4010000228881836,-0.5800000429153442,91.5999984741211,2.4190001487731934
-0.7400000095367432,91.5999984741211,2.4010000228881836,-0.5800000429153442,95.5999984741211,2.4190001487731934
-0.7400000095367432,95.5999984741211,2.4010000228881836,-0.5800000429153442,99.3499984741211,2.4190001487731934
-0.7125000357627869,75.82749938964844,2.3930001258850098,-0.6075000166893005,75.87249755859375,2.4010000228881836
-0.7125000357627869,76.15750122070312,2.3930001258850098,-0.6075000166893005,76.20249938964844,2.4010000228881836
-0.7125000357627869,76.48750305175781,2.3930001258850098,-0.6075000166893005,76.53250122070312,2.4010000228881836
-0.7125000357627869,76.81749725341797,2.3930001258850098,-0.6075000166893005,76.86249542236328,2.4010000228881836
-0.7125000357627869,77.14749908447266,2.3930001258850098,-0.6075000166893005,77.19249725341797,2.4010000228881836
-0.7125000357627869,77.47750091552734,2.3930001258850098,-0.6075000166893005,77.52249908447266,2.4010000228881836
-0.7125000357627869,77.80750274658203,2.3930001258850098,-0.6075000166893005,77.85250091552734,2.4010000228881836
-0.7125000357627869,78.13750457763672,2.3930001258850098,-0.6075000166893005,78.18250274658203,2.4010000228881836
-0.7125000357627869,78.46749877929688,2.3930001258850098,-0.6075000166893005,78.51249694824219,2.4010000228881836
-0.7125000357627869,78.79750061035156,2.3930001258850098,-0.6075000166893005,78.84249877929688,2.4010000228881836
-0.7125000357627869,79.12750244140625,2.3930001258850098,-0.6075000166893005,79.17250061035156,2.4010000228881836
-0.7125000357627869,79.45750427246094,2.3930001258850098,-0.6075000166893005,79.50250244140625,2.4010000228881836
-0.7125000357627869,79.7874984741211,2.3930001258850098,-0.6075000166893005,79.8324966430664,2.4010000228881836
-0.7125000357627869,80.11750030517578,2.3930001258850098,-0.6075000166893005,80.1624984741211,2.4010000228881836
-0.7125000357627869,80.44750213623047,2.3930001258850098,-0.6075000166893005,80.49250030517578,2.4010000228881836
-0.7125000357627869,80.77750396728516,2.3930001258850098,-0.6075000166893005,80.82250213623047,2.4010000228881836
-0.7125000357627869,81.10749816894531,2.3930001258850098,-0.6075000166893005,81.15249633789062,2.4010000228881836
-0.7125000357627869,81.4375,2.3930001258850098,-0.6075000166893005,81.48249816894531,2.4010000228881836
-0.7125000357627869,81.76750183105469,2.3930001258850098,-0.6075000166893005,81.8125,2.4010000228881836
-0.7125000357627869,82.09750366210938,2.3930001258850098,-0.6075000166893005,82.14250183105469,2.4010000228881836
-0.7125000357627869,82.42749786376953,2.3930001258850098,-0.6075000166893005,82.47249603271484,2.4010000228881836
-0.7125000357627869,82.75749969482422,2.3930001258850098,-0.6075000166893005,82.80249786376953,2.4010000228881836
-0.7125000357627869,83.0875015258789,2.3930001258850098,-0.6075000166893005,83.13249969482422,2.4010000228881836
-0.7125000357627869,83.4175033569336,2.3930001258850098,-0.6075000166893005,83.4625015258789,2.4010000228881836
-0.7125000357627869,83.74749755859375,2.3930001258850098,-0.6075000166893005,83.79249572753906,2.4010000228881836
-0.7125000357627869,84.07749938964844,2.3930001258850098,-0.6075000166893005,84.12249755859375,2.4010000228881836
-0.7125000357627869,84.40750122070312,2.3930001258850098,-0.6075000166893005,84.45249938964844,2.4010000228881836
-0.7125000357627869,84.73750305175781,2.3930001258850098,-0.6075000166893005,84.78250122070312,2.4010000228881836
-0.7125000357627869,85.06749725341797,2.3930001258850098,-0.6075000166893005,85.11249542236328,2.4010000228881836
-0.7125000357627869,85.39749908447266,2.3930001258850098,-0.6075000166893005,85.44249725341797,2.4010000228881836
-0.7125000357627869,85.72750091552734,2.3930001258850098,-0.6075000166893005,85.77249908447266,2.4010000228881836
-0.7125000357627869,86.05750274658203,2.3930001258850098,-0.6075000166893005,86.10250091552734,2.4010000228881836
-0.7125000357627869,86.38750457763672,2.3930001258850098,-0.6075000166893005,86.43250274658203,2.4010000228881836
-0.7125000357627869,86.71749877929688,2.3930001258850098,-0.6075000166893005,86.76249694824219,2.4010000228881836
-0.7125000357627869,87.04750061035156,2.3930001258850098,-0.6075000166893005,87.09249877929688,2.4010000228881836
-0.7125000357627869,87.37750244140625,2.3930001258850098,-0.6075000166893005,87.42250061035156,2.4010000228881836
-0.7125000357627869,87.70750427246094,2.3930001258850098,-0.6075000166893005,87.75250244140625,2.4010000228881836
-0.7125000357627869,88.0374984741211,2.3930001258850098,-0.6075000166893005,88.0824966430664,2.4010000228881836
-0.7125000357627869,88.36750030517578,2.3930001258850098,-0.6075000166893005,88.4124984741211,2.4010000228881836
-0.7125000357627869,88.69750213623047,2.3930001258850098,-0.6075000166893005,88.74250030517578,2.4010000228881836
-0.7125000357627869,89.02750396728516,2.3930001258850098,-0.6075000166893005,89.07250213623047,2.4010000228881836
-0.7125000357627869,89.35749816894531,2.3930001258850098,-0.6075000166893005,89.40249633789062,2.4010000228881836
-0.7125000357627869,89.6875,2.3930001258850098,-0.6075000166893005,89.73249816894531,2.4010000228881836
-0.7125000357627869,90.01750183105469,2.3930001258850098,-0.6075000166893005,90.0625,2.4010000228881836
-0.7125000357627869,90.34750366210938,2.3930001258850098,-0.6075000166893005,90.39250183105469,2.4010000228881836
-0.7125000357627869,90.67749786376953,2.3930001258850098,-0.6075000166893005,90.72249603271484,2.4010000228881836
-0.7125000357627869,91.00749969482422,2.3930001258850098,-0.6075000166893005,91.05249786376953,2.4010000228881836
-0.7125000357627869,91.3375015258789,2.3930001258850098,-0.6075000166893005,91.38249969482422,2.4010000228881836
-0.7125000357627869,91.6675033569336,2.3930001258850098,-0.6075000166893005,91.7125015258789,2.4010000228881836
-0.7125000357627869,91.99749755859375,2.3930001258850098,-0.6075000166893005,92.04249572753906,2.4010000228881836
-0.7125000357627869,92.32749938964844,2.3930001258850098,-0.6075000166893005,92.37249755859375,2.4010000228881836
-0.7125000357627869,92.65750122070312,2.3930001258850098,-0.6075000166893005,92.70249938964844,2.4010000228881836
-0.7125000357627869,92.98750305175781,2.3930001258850098,-0.6075000166893005,93.03250122070312,2.4010000228881836
-0.7125000357627869,93.31749725341797,2.3930001258850098,-0.6075000166893005,93.36249542236328,2.4010000228881836
-0.7125000357627869,93.64749908447266,2.3930001258850098,-0.6075000166893005,93.69249725341797,2.4010000228881836
-0.7125000357627869,93.97750091552734,2.3930001258850098,-0.6075000166893005,94.02249908447266,2.4010000228881836
-0.7125000357627869,94.30750274658203,2.3930001258850098,-0.6075000166893005,94.35250091552734,2.4010000228881836
-0.7125000357627869,94.63750457763672,2.3930001258850098,-0.6075000166893005,94.68250274658203,2.4010000228881836
-0.7125000357627869,94.96749877929688,2.3930001258850098,-0.6075000166893005,95.01249694824219,2.4010000228881836
-0.7125000357627869,95.29750061035156,2.3930001258850098,-0.6075000166893005,95.34249877929688,2.4010000228881836
-0.7125000357627869,95.62750244140625,2.3930001258850098,-0.6075000166893005,95.67250061035156,2.4010000228881836
-0.7125000357627869,95.95750427246094,2.3930001258850098,-0.6075000166893005,96.00250244140625,2.4010000228881836
-0.7125000357627869,96.2874984741211,2.3930001258850098,-0.6075000166893005,96.3324966430664,2.4010000228881836
-0.7125000357627869,96.61750030517578,2.3930001258850098,-0.6075000166893005,96.6624984741211,2.4010000228881836
-0.7125000357627869,96.94750213623047,2.3930001258850098,-0.6075000166893005,96.99250030517578,2.4010000228881836
-0.7125000357627869,97.27750396728516,2.3930001258850098,-0.6075000166893005,97.32250213623047,2.4010000228881836
-0.7125000357627869,97.60749816894531,2.3930001258850098,-0.6075000166893005,97.65249633789062,2.4010000228881836
-0.7125000357627869,97.9375,2.3930001258850098,-0.6075000166893005,97.98249816894531,2.4010000228881836
-0.7125000357627869,98.26750183105469,2.3930001258850098,-0.6075000166893005,98.3125,2.4010000228881836
-0.7125000357627869,98.59750366210938,2.3930001258850098,-0.6075000166893005,98.64250183105469,2.4010000228881836
-0.7125000357627869,98.92749786376953,2.3930001258850098,-0.6075000166893005,98.97249603271484,2.4010000228881836
-0.7125000357627869,99.25749969482422,2.3930001258850098,-0.6075000166893005,99.30249786376953,2.4010000228881836
0.5800000429153442,75.8499984741211,2.4010000228881836,0.7400000095367432,79.5999984741211,2.4190001487731934
0.5800000429153442,79.5999984741211,2.4010000228881836,0.7400000095367432,83.5999984741211,2.4190001487731934
0.5800000429153442,83.5999984741211,2.4010000228881836,0.7400000095367432,87.5999984741211,2.4190001487731934
0.5800000429153442,87.5999984741211,2.4010000228881836,0.7400000095367432,91.5999984741211,2.4190001487731934
0.5800000429153442,91.5999984741211,2.4010000228881836,0.7400000095367432,95.5999984741211,2.4190001487731934
0.5800000429153442,95.5999984741211,2.4010000228881836,0.7400000095367432,99.3499984741211,2.4190001487731934
0.6075000166893005,75.82749938964844,2.3930001258850098,0.7125000357627869,75.87249755859375,2.4010000228881836
0.6075000166893005,76.15750122070312,2.3930001258850098,0.7125000357627869,76.20249938964844,2.4010000228881836
0.6075000166893005,76.48750305175781,2.3930001258850098,0.7125000357627869,76.53250122070312,2.4010000228881836
0.6075000166893005,76.81749725341797,2.3930001258850098,0.7125000357627869,76.86249542236328,2.4010000228881836
0.6075000166893005,77.14749908447266,2.3930001258850098,0.7125000357627869,77.19249725341797,2.4010000228881836
0.6075000166893005,77.47750091552734,2.3930001258850098,0.7125000357627869,77.52249908447266,2.4010000228881836
0.6075000166893005,77.80750274658203,2.3930001258850098,0.7125000357627869,77.85250091552734,2.4010000228881836
0.6075000166893005,78.13750457763672,2.3930001258850098,0.7125000357627869,78.18250274658203,2.4010000228881836
0.6075000166893005,78.46749877929688,2.3930001258850098,0.7125000357627869,78.51249694824219,2.4010000228881836
0.6075000166893005,78.79750061035156,2.3930001258850098,0.7125000357627869,78.84249877929688,2.4010000228881836
0.6075000166893005,79.12750244140625,2.3930001258850098,0.7125000357627869,79.17250061035156,2.4010000228881836
0.6075000166893005,79.45750427246094,2.3930001258850098,0.7125000357627869,79.50250244140625,2.4010000228881836
0.6075000166893005,79.7874984741211,2.3930001258850098,0.7125000357627869,79.8324966430664,2.4010000228881836
0.6075000166893005,80.11750030517578,2.3930001258850098,0.7125000357627869,80.1624984741211,2.4010000228881836
0.6075000166893005,80.44750213623047,2.3930001258850098,0.7125000357627869,80.49250030517578,2.4010000228881836
0.6075000166893005,80.77750396728516,2.3930001258850098,0.7125000357627869,80.82250213623047,2.4010000228881836
0.6075000166893005,81.10749816894531,2.3930001258850098,0.7125000357627869,81.15249633789062,2.4010000228881836
0.6075000166893005,81.4375,2.3930001258850098,0.7125000357627869,81.48249816894531,2.4010000228881836
0.6075000166893005,81.76750183105469,2.3930001258850098,0.7125000357627869,81.8125,2.4010000228881836
0.6075000166893005,82.09750366210938,2.3930001258850098,0.7125000357627869,82.14250183105469,2.4010000228881836
0.6075000166893005,82.42749786376953,2.3930001258850098,0.7125000357627869,82.47249603271484,2.4010000228881836
0.6075000166893005,82.75749969482422,2.3930001258850098,0.7125000357627869,82.80249786376953,2.4010000228881836
0.6075000166893005,83.0875015258789,2.3930001258850098,0.7125000357627869,83.13249969482422,2.4010000228881836
0.6075000166893005,83.4175033569336,2.3930001258850098,0.7125000357627869,83.4625015258789,2.4010000228881836
0.6075000166893005,83.74749755859375,2.3930001258850098,0.7125000357627869,83.79249572753906,2.4010000228881836
0.6075000166893005,84.07749938964844,2.3930001258850098,0.7125000357627869,84.12249755859375,2.4010000228881836
0.6075000166893005,84.40750122070312,2.3930001258850098,0.7125000357627869,84.45249938964844,2.4010000228881836
0.6075000166893005,84.73750305175781,2.3930001258850098,0.7125000357627869,84.78250122070312,2.4010000228881836
0.6075000166893005,85.06749725341797,2.3930001258850098,0.7125000357627869,85.11249542236328,2.4010000228881836
0.6075000166893005,85.39749908447266,2.3930001258850098,0.7125000357627869,85.44249725341797,2.4010000228881836
0.6075000166893005,85.72750091552734,2.3930001258850098,0.7125000357627869,85.77249908447266,2.4010000228881836
0.6075000166893005,86.05750274658203,2.3930001258850098,0.7125000357627869,86.10250091552734,2.4010000228881836
0.6075000166893005,86.38750457763672,2.3930001258850098,0.7125000357627869,86.43250274658203,2.4010000228881836
0.6075000166893005,86.71749877929688,2.3930001258850098,0.7125000357627869,86.76249694824219,2.4010000228881836
0.6075000166893005,87.04750061035156,2.3930001258850098,0.7125000357627869,87.09249877929688,2.4010000228881836
0.6075000166893005,87.37750244140625,2.3930001258850098,0.7125000357627869,87.42250061035156,2.4010000228881836
0.6075000166893005,87.70750427246094,2.3930001258850098,0.7125000357627869,87.75250244140625,2.4010000228881836
0.6075000166893005,88.0374984741211,2.3930001258850098,0.7125000357627869,88.0824966430664,2.4010000228881836
0.6075000166893005,88.36750030517578,2.3930001258850098,0.7125000357627869,88.4124984741211,2.4010000228881836
0.6075000166893005,88.69750213623047,2.3930001258850098,0.7125000357627869,88.74250030517578,2.4010000228881836
0.6075000166893005,89.02750396728516,2.3930001258850098,0.7125000357627869,89.07250213623047,2.4010000228881836
0.6075000166893005,89.35749816894531,2.3930001258850098,0.7125000357627869,89.40249633789062,2.4010000228881836
0.6075000166893005,89.6875,2.3930001258850098,0.7125000357627869,89.73249816894531,2.4010000228881836
0.6075000166893005,90.01750183105469,2.3930001258850098,0.7125000357627869,90.0625,2.4010000228881836
0.6075000166893005,90.34750366210938,2.3930001258850098,0.7125000357627869,90.39250183105469,2.4010000228881836
0.6075000166893005,90.67749786376953,2.3930001258850098,0.7125000357627869,90.72249603271484,2.4010000228881836
0.6075000166893005,91.00749969482422,2.3930001258850098,0.7125000357627869,91.05249786376953,2.4010000228881836
0.6075000166893005,91.3375015258789,2.3930001258850098,0.7125000357627869,91.38249969482422,2.4010000228881836
0.6075000166893005,91.6675033569336,2.3930001258850098,0.7125000357627869,91.7125015258789,2.4010000228881836
0.6075000166893005,91.99749755859375,2.3930001258850098,0.7125000357627869,92.04249572753906,2.4010000228881836
0.6075000166893005,92.32749938964844,2.3930001258850098,0.7125000357627869,92.37249755859375,2.4010000228881836
0.6075000166893005,92.65750122070312,2.3930001258850098,0.7125000357627869,92.70249938964844,2.4010000228881836
0.6075000166893005,92.98750305175781,2.3930001258850098,0.7125000357627869,93.03250122070312,2.4010000228881836
0.6075000166893005,93.31749725341797,2.3930001258850098,0.7125000357627869,93.36249542236328,2.4010000228881836
0.6075000166893005,93.64749908447266,2.3930001258850098,0.7125000357627869,93.69249725341797,2.4010000228881836
0.6075000166893005,93.97750091552734,2.3930001258850098,0.7125000357627869,94.02249908447266,2.4010000228881836
0.6075000166893005,94.30750274658203,2.3930001258850098,0.7125000357627869,94.35250091552734,2.4010000228881836
0.6075000166893005,94.63750457763672,2.3930001258850098,0.7125000357627869,94.68250274658203,2.4010000228881836
0.6075000166893005,94.96749877929688,2.3930001258850098,0.7125000357627869,95.01249694824219,2.4010000228881836
0.6075000166893005,95.29750061035156,2.3930001258850098,0.7125000357627869,95.34249877929688,2.4010000228881836
0.6075000166893005,95.62750244140625,2.3930001258850098,0.7125000357627869,95.67250061035156,2.4010000228881836
0.6075000166893005,95.95750427246094,2.3930001258850098,0.7125000357627869,96.00250244140625,2.4010000228881836
0.6075000166893005,96.2874984741211,2.3930001258850098,0.7125000357627869,96.3324966430664,2.4010000228881836
0.6075000166893005,96.61750030517578,2.3930001258850098,0.7125000357627869,96.6624984741211,2.4010000228881836
0.6075000166893005,96.94750213623047,2.3930001258850098,0.7125000357627869,96.99250030517578,2.4010000228881836
0.6075000166893005,97.27750396728516,2.3930001258850098,0.7125000357627869,97.32250213623047,2.4010000228881836
0.6075000166893005,97.60749816894531,2.3930001258850098,0.7125000357627869,97.65249633789062,2.4010000228881836
0.6075000166893005,97.9375,2.3930001258850098,0.7125000357627869,97.98249816894531,2.4010000228881836
0.6075000166893005,98.26750183105469,2.3930001258850098,0.7125000357627869,98.3125,2.4010000228881836
0.6075000166893005,98.59750366210938,2.3930001258850098,0.7125000357627869,98.64250183105469,2.4010000228881836
0.6075000166893005,98.92749786376953,2.3930001258850098,0.7125000357627869,98.97249603271484,2.4010000228881836
0.6075000166893005,99.25749969482422,2.3930001258850098,0.7125000357627869,99.30249786376953,2.4010000228881836
-0.054999999701976776,78.54499816894531,2.36899995803833,0.054999999701976776,78.65499877929688,2.4029998779296875
-0.05999999865889549,78.79000091552734,2.392500162124634,0.05999999865889549,78.90999603271484,2.4075000286102295
-0.054999999701976776,83.54499816894531,2.36899995803833,0.054999999701976776,83.65499877929688,2.4029998779296875
-0.05999999865889549,83.79000091552734,2.392500162124634,0.05999999865889549,83.90999603271484,2.4075000286102295
-0.054999999701976776,88.54499816894531,2.36899995803833,0.054999999701976776,88.65499877929688,2.4029998779296875
-0.05999999865889549,88.79000091552734,2.392500162124634,0.05999999865889549,88.90999603271484,2.4075000286102295
-0.054999999701976776,93.54499816894531,2.36899995803833,0.054999999701976776,93.65499877929688,2.4029998779296875
-0.05999999865889549,93.79000091552734,2.392500162124634,0.05999999865889549,93.90999603271484,2.4075000286102295
-0.054999999701976776,97.54499816894531,2.36899995803833,0.054999999701976776,97.65499877929688,2.4029998779296875
-0.05999999865889549,97.79000091552734,2.392500162124634,0.05999999865889549,97.90999603271484,2.4075000286102295
-1.0940001010894775,83.72599792480469,2.3514997959136963,-1.0460000038146973,83.77400207519531,2.368499994277954
-0.5539999604225159,83.72599792480469,2.3514997959136963,-0.5059999823570251,83.77400207519531,2.368499994277954
0.5059999823570251,83.72599792480469,2.3514997959136963,0.5539999604225159,83.77400207519531,2.368499994277954
1.0460000038146973,83.72599792480469,2.3514997959136963,1.0940001010894775,83.77400207519531,2.368499994277954
-1.0940001010894775,84.65599822998047,2.3514997959136963,-1.0460000038146973,84.7040023803711,2.368499994277954
-0.5539999604225159,84.65599822998047,2.3514997959136963,-0.5059999823570251,84.7040023803711,2.368499994277954
0.5059999823570251,84.65599822998047,2.3514997959136963,0.5539999604225159,84.7040023803711,2.368499994277954
1.0460000038146973,84.65599822998047,2.3514997959136963,1.0940001010894775,84.7040023803711,2.368499994277954
-1.0940001010894775,85.58599853515625,2.3514997959136963,-1.0460000038146973,85.63400268554688,2.368499994277954
-0.5539999604225159,85.58599853515625,2.3514997959136963,-0.5059999823570251,85.63400268554688,2.368499994277954
0.5059999823570251,85.58599853515625,2.3514997959136963,0.5539999604225159,85.63400268554688,2.368499994277954
1.0460000038146973,85.58599853515625,2.3514997959136963,1.0940001010894775,85.63400268554688,2.368499994277954
-1.0940001010894775,86.51599884033203,2.3514997959136963,-1.0460000038146973,86.56400299072266,2.368499994277954
-0.5539999604225159,86.51599884033203,2.3514997959136963,-0.5059999823570251,86.56400299072266,2.368499994277954
0.5059999823570251,86.51599884033203,2.3514997959136963,0.5539999604225159,86.56400299072266,2.368499994277954
1.0460000038146973,86.51599884033203,2.3514997959136963,1.0940001010894775,86.56400299072266,2.368499994277954
-1.0940001010894775,87.44599914550781,2.3514997959136963,-1.0460000038146973,87.49400329589844,2.368499994277954
-0.5539999604225159,87.44599914550781,2.3514997959136963,-0.5059999823570251,87.49400329589844,2.368499994277954
0.5059999823570251,87.44599914550781,2.3514997959136963,0.5539999604225159,87.49400329589844,2.368499994277954
1.0460000038146973,87.44599914550781,2.3514997959136963,1.0940001010894775,87.49400329589844,2.368499994277954
-1.0940001010894775,88.97599792480469,2.3514997959136963,-1.0460000038146973,89.02400207519531,2.368499994277954
-0.5539999604225159,88.97599792480469,2.3514997959136963,-0.5059999823570251,89.02400207519531,2.368499994277954
0.5059999823570251,88.97599792480469,2.3514997959136963,0.5539999604225159,89.02400207519531,2.368499994277954
1.0460000038146973,88.97599792480469,2.3514997959136963,1.0940001010894775,89.02400207519531,2.368499994277954
-1.0940001010894775,89.90599822998047,2.3514997959136963,-1.0460000038146973,89.9540023803711,2.368499994277954
-0.5539999604225159,89.90599822998047,2.3514997959136963,-0.5059999823570251,89.9540023803711,2.368499994277954
0.5059999823570251,89.90599822998047,2.3514997959136963,0.5539999604225159,89.9540023803711,2.368499994277954
1.0460000038146973,89.90599822998047,2.3514997959136963,1.0940001010894775,89.9540023803711,2.368499994277954
-1.0940001010894775,90.83599853515625,2.3514997959136963,-1.0460000038146973,90.88400268554688,2.368499994277954
-0.5539999604225159,90.83599853515625,2.3514997959136963,-0.5059999823570251,90.88400268554688,2.368499994277954
0.5059999823570251,90.83599853515625,2.3514997959136963,0.5539999604225159,90.88400268554688,2.368499994277954
1.0460000038146973,90.83599853515625,2.3514997959136963,1.0940001010894775,90.88400268554688,2.368499994277954
-1.0940001010894775,91.76599884033203,2.3514997959136963,-1.0460000038146973,91.81400299072266,2.368499994277954
-0.5539999604225159,91.76599884033203,2.3514997959136963,-0.5059999823570251,91.81400299072266,2.368499994277954
0.5059999823570251,91.76599884033203,2.3514997959136963,0.5539999604225159,91.81400299072266,2.368499994277954
1.0460000038146973,91.76599884033203,2.3514997959136963,1.0940001010894775,91.81400299072266,2.368499994277954
-1.0940001010894775,92.69599914550781,2.3514997959136963,-1.0460000038146973,92.74400329589844,2.368499994277954
-0.5539999604225159,92.69599914550781,2.3514997959136963,-0.5059999823570251,92.74400329589844,2.368499994277954
0.5059999823570251,92.69599914550781,2.3514997959136963,0.5539999604225159,92.74400329589844,2.368499994277954
1.0460000038146973,92.69599914550781,2.3514997959136963,1.0940001010894775,92.74400329589844,2.368499994277954
-1.0940001010894775,93.6259994506836,2.3514997959136963,-1.0460000038146973,93.67400360107422,2.368499994277954
-0.5539999604225159,93.6259994506836,2.3514997959136963,-0.5059999823570251,93.67400360107422,2.368499994277954
0.5059999823570251,93.6259994506836,2.3514997959136963,0.5539999604225159,93.67400360107422,2.368499994277954
1.0460000038146973,93.6259994506836,2.3514997959136963,1.0940001010894775,93.67400360107422,2.368499994277954
-1.350000023841858,101.05000305175781,2.325000047683716,-1.03000009059906,104.80000305175781,2.4049999713897705
-1.350000023841858,104.80000305175781,2.325000047683716,-1.03000009059906,108.80000305175781,2.4049999713897705
-1.350000023841858,108.80000305175781,2.325000047683716,-1.03000009059906,112.80000305175781,2.4049999713897705
-1.350000023841858,112.80000305175781,2.325000047683716,-1.03000009059906,116.80000305175781,2.4049999713897705
-1.350000023841858,116.80000305175781,2.325000047683716,-1.03000009059906,120.80000305175781,2.4049999713897705
-1.350000023841858,120.80000305175781,2.325000047683716,-1.03000009059906,124.55000305175781,2.4049999713897705
-1.25,101.0999984741211,2.309000015258789,-1.1099998950958252,104.79999542236328,2.3309998512268066
-1.25,104.80000305175781,2.309000015258789,-1.1099998950958252,108.80000305175781,2.3309998512268066
-1.25,108.80000305175781,2.309000015258789,-1.1099998950958252,112.80000305175781,2.3309998512268066
-1.25,112.80000305175781,2.309000015258789,-1.1099998950958252,116.80000305175781,2.3309998512268066
-1.25,116.80000305175781,2.309000015258789,-1.1099998950958252,120.80000305175781,2.3309998512268066
-1.25,120.80000305175781,2.309000015258789,-1.1099998950958252,124.5,2.3309998512268066
-1.6349999904632568,100.80000305175781,2.2799999713897705,-1.3650000095367432,104.80000305175781,2.419999837875366
-1.6349999904632568,104.80000305175781,2.2799999713897705,-1.3650000095367432,108.80000305175781,2.419999837875366
-1.6349999904632568,108.80000305175781,2.2799999713897705,-1.3650000095367432,112.80000305175781,2.419999837875366
-1.6349999904632568,112.80000305175781,2.2799999713897705,-1.3650000095367432,116.80000305175781,2.419999837875366
-1.6349999904632568,116.80000305175781,2.2799999713897705,-1.3650000095367432,120.80000305175781,2.419999837875366
-1.6349999904632568,120.80000305175781,2.2799999713897705,-1.3650000095367432,124.80000305175781,2.419999837875366
1.03000009059906,101.05000305175781,2.325000047683716,1.350000023841858,104.80000305175781,2.4049999713897705
1.03000009059906,104.80000305175781,2.325000047683716,1.350000023841858,108.80000305175781,2.4049999713897705
1.03000009059906,108.80000305175781,2.325000047683716,1.350000023841858,112.80000305175781,2.4049999713897705
1.03000009059906,112.80000305175781,2.325000047683716,1.350000023841858,116.80000305175781,2.4049999713897705
1.03000009059906,116.80000305175781,2.325000047683716,1.350000023841858,120.80000305175781,2.4049999713897705
1.03000009059906,120.80000305175781,2.325000047683716,1.350000023841858,124.55000305175781,2.4049999713897705
1.1099998950958252,101.0999984741211,2.309000015258789,1.25,104.79999542236328,2.3309998512268066
1.1099998950958252,104.80000305175781,2.309000015258789,1.25,108.80000305175781,2.3309998512268066
1.1099998950958252,108.80000305175781,2.309000015258789,1.25,112.80000305175781,2.3309998512268066
1.1099998950958252,112.80000305175781,2.309000015258789,1.25,116.80000305175781,2.3309998512268066
1.1099998950958252,116.80000305175781,2.309000015258789,1.25,120.80000305175781,2.3309998512268066
1.1099998950958252,120.80000305175781,2.309000015258789,1.25,124.5,2.3309998512268066
1.3650000095367432,100.80000305175781,2.2799999713897705,1.6349999904632568,104.80000305175781,2.419999837875366
1.3650000095367432,104.80000305175781,2.2799999713897705,1.6349999904632568,108.80000305175781,2.419999837875366
1.3650000095367432,108.80000305175781,2.2799999713897705,1.6349999904632568,112.80000305175781,2.419999837875366
1.3650000095367432,112.80000305175781,2.2799999713897705,1.6349999904632568,116.80000305175781,2.419999837875366
1.3650000095367432,116.80000305175781,2.2799999713897705,1.6349999904632568,120.80000305175781,2.419999837875366
1.3650000095367432,120.80000305175781,2.2799999713897705,1.6349999904632568,124.80000305175781,2.419999837875366
-1.3600000143051147,100.80000305175781,2.4200000762939453,1.3600000143051147,104.80000305175781,2.5399999618530273
-1.3600000143051147,104.80000305175781,2.4200000762939453,1.3600000143051147,108.80000305175781,2.5399999618530273
-1.3600000143051147,108.80000305175781,2.4200000762939453,1.3600000143051147,112.80000305175781,2.5399999618530273
-1.3600000143051147,112.80000305175781,2.4200000762939453,1.3600000143051147,116.80000305175781,2.5399999618530273
-1.3600000143051147,116.80000305175781,2.4200000762939453,1.3600000143051147,120.80000305175781,2.5399999618530273
-1.3600000143051147,120.80000305175781,2.4200000762939453,1.3600000143051147,124.80000305175781,2.5399999618530273
-1.159999966621399,102.29700469970703,2.4110000133514404,1.159999966621399,102.3030014038086,2.4170000553131104
-1.159999966621399,103.79700469970703,2.4110000133514404,1.159999966621399,103.8030014038086,2.4170000553131104
-1.159999966621399,105.29700469970703,2.4110000133514404,1.159999966621399,105.3030014038086,2.4170000553131104
-1.159999966621399,106.79700469970703,2.4110000133514404,1.159999966621399,106.8030014038086,2.4170000553131104
-1.159999966621399,108.29700469970703,2.4110000133514404,1.159999966621399,108.3030014038086,2.4170000553131104
-1.159999966621399,109.79700469970703,2.4110000133514404,1.159999966621399,109.8030014038086,2.4170000553131104
-1.159999966621399,111.29700469970703,2.4110000133514404,1.159999966621399,111.3030014038086,2.4170000553131104
-1.159999966621399,112.79700469970703,2.4110000133514404,1.159999966621399,112.8030014038086,2.4170000553131104
-1.159999966621399,114.29700469970703,2.4110000133514404,1.159999966621399,114.3030014038086,2.4170000553131104
-1.159999966621399,115.79700469970703,2.4110000133514404,1.159999966621399,115.8030014038086,2.4170000553131104
-1.159999966621399,117.29700469970703,2.4110000133514404,1.159999966621399,117.3030014038086,2.4170000553131104
-1.159999966621399,118.79700469970703,2.4110000133514404,1.159999966621399,118.8030014038086,2.4170000553131104
-1.159999966621399,120.29700469970703,2.4110000133514404,1.159999966621399,120.3030014038086,2.4170000553131104
-1.159999966621399,121.79700469970703,2.4110000133514404,1.159999966621399,121.8030014038086,2.4170000553131104
-1.159999966621399,123.29700469970703,2.4110000133514404,1.159999966621399,123.3030014038086,2.4170000553131104
-0.7400000095367432,101.05000305175781,2.4010000228881836,-0.5800000429153442,104.80000305175781,2.4190001487731934
-0.7400000095367432,104.80000305175781,2.4010000228881836,-0.5800000429153442,108.80000305175781,2.4190001487731934
-0.7400000095367432,108.80000305175781,2.4010000228881836,-0.5800000429153442,112.80000305175781,2.4190001487731934
-0.7400000095367432,112.80000305175781,2.4010000228881836,-0.5800000429153442,116.80000305175781,2.4190001487731934
-0.7400000095367432,116.80000305175781,2.4010000228881836,-0.5800000429153442,120.80000305175781,2.4190001487731934
-0.7400000095367432,120.80000305175781,2.4010000228881836,-0.5800000429153442,124.55000305175781,2.4190001487731934
-0.7125000357627869,101.02750396728516,2.3930001258850098,-0.6075000166893005,101.07250213623047,2.4010000228881836
-0.7125000357627869,101.35749816894531,2.3930001258850098,-0.6075000166893005,101.40249633789062,2.4010000228881836
-0.7125000357627869,101.6875,2.3930001258850098,-0.6075000166893005,101.73249816894531,2.4010000228881836
-0.7125000357627869,102.01750183105469,2.3930001258850098,-0.6075000166893005,102.0625,2.4010000228881836
-0.7125000357627869,102.34750366210938,2.3930001258850098,-0.6075000166893005,102.39250183105469,2.4010000228881836
-0.7125000357627869,102.67749786376953,2.3930001258850098,-0.6075000166893005,102.72249603271484,2.4010000228881836
-0.7125000357627869,103.00749969482422,2.3930001258850098,-0.6075000166893005,103.05249786376953,2.4010000228881836
-0.7125000357627869,103.3375015258789,2.3930001258850098,-0.6075000166893005,103.38249969482422,2.4010000228881836
-0.7125000357627869,103.6675033569336,2.3930001258850098,-0.6075000166893005,103.7125015258789,2.4010000228881836
-0.7125000357627869,103.99749755859375,2.3930001258850098,-0.6075000166893005,104.04249572753906,2.4010000228881836
-0.7125000357627869,104.32749938964844,2.3930001258850098,-0.6075000166893005,104.37249755859375,2.4010000228881836
-0.7125000357627869,104.65750122070312,2.3930001258850098,-0.6075000166893005,104.70249938964844,2.4010000228881836
-0.7125000357627869,104.98750305175781,2.3930001258850098,-0.6075000166893005,105.03250122070312,2.4010000228881836
-0.7125000357627869,105.31749725341797,2.3930001258850098,-0.6075000166893005,105.36249542236328,2.4010000228881836
-0.7125000357627869,105.64749908447266,2.3930001258850098,-0.6075000166893005,105.69249725341797,2.4010000228881836
-0.7125000357627869,105.97750091552734,2.3930001258850098,-0.6075000166893005,106.02249908447266,2.4010000228881836
-0.7125000357627869,106.30750274658203,2.3930001258850098,-0.6075000166893005,106.35250091552734,2.4010000228881836
-0.7125000357627869,106.63750457763672,2.3930001258850098,-0.6075000166893005,106.68250274658203,2.4010000228881836
-0.7125000357627869,106.96749877929688,2.3930001258850098,-0.6075000166893005,107.01249694824219,2.4010000228881836
-0.7125000357627869,107.29750061035156,2.3930001258850098,-0.6075000166893005,107.34249877929688,2.4010000228881836
-0.7125000357627869,107.62750244140625,2.3930001258850098,-0.6075000166893005,107.67250061035156,2.4010000228881836
-0.7125000357627869,107.95750427246094,2.3930001258850098,-0.6075000166893005,108.00250244140625,2.4010000228881836
-0.7125000357627869,108.2874984741211,2.3930001258850098,-0.6075000166893005,108.3324966430664,2.4010000228881836
-0.7125000357627869,108.61750030517578,2.3930001258850098,-0.6075000166893005,108.6624984741211,2.4010000228881836
-0.7125000357627869,108.94750213623047,2.3930001258850098,-0.6075000166893005,108.99250030517578,2.4010000228881836
-0.7125000357627869,109.27750396728516,2.3930001258850098,-0.6075000166893005,109.32250213623047,2.4010000228881836
-0.7125000357627869,109.60749816894531,2.3930001258850098,-0.6075000166893005,109.65249633789062,2.4010000228881836
-0.7125000357627869,109.9375,2.3930001258850098,-0.6075000166893005,109.98249816894531,2.4010000228881836
-0.7125000357627869,110.26750183105469,2.3930001258850098,-0.6075000166893005,110.3125,2.4010000228881836
-0.7125000357627869,110.59750366210938,2.3930001258850098,-0.6075000166893005,110.64250183105469,2.4010000228881836
-0.7125000357627869,110.92749786376953,2.3930001258850098,-0.6075000166893005,110.97249603271484,2.4010000228881836
-0.7125000357627869,111.25749969482422,2.3930001258850098,-0.6075000166893005,111.30249786376953,2.4010000228881836
-0.7125000357627869,111.5875015258789,2.3930001258850098,-0.6075000166893005,111.63249969482422,2.4010000228881836
-0.7125000357627869,111.9175033569336,2.3930001258850098,-0.6075000166893005,111.9625015258789,2.4010000228881836
-0.7125000357627869,112.24749755859375,2.3930001258850098,-0.6075000166893005,112.29249572753906,2.4010000228881836
-0.7125000357627869,112.57749938964844,2.3930001258850098,-0.6075000166893005,112.62249755859375,2.4010000228881836
-0.7125000357627869,112.90750122070312,2.3930001258850098,-0.6075000166893005,112.95249938964844,2.4010000228881836
-0.7125000357627869,113.23750305175781,2.3930001258850098,-0.6075000166893005,113.28250122070312,2.4010000228881836
-0.7125000357627869,113.56749725341797,2.3930001258850098,-0.6075000166893005,113.61249542236328,2.4010000228881836
-0.7125000357627869,113.89749908447266,2.3930001258850098,-0.6075000166893005,113.94249725341797,2.4010000228881836
-0.7125000357627869,114.22750091552734,2.3930001258850098,-0.6075000166893005,114.27249908447266,2.4010000228881836
-0.7125000357627869,114.55750274658203,2.3930001258850098,-0.6075000166893005,114.60250091552734,2.4010000228881836
-0.7125000357627869,114.88750457763672,2.3930001258850098,-0.6075000166893005,114.93250274658203,2.4010000228881836
-0.7125000357627869,115.21749877929688,2.3930001258850098,-0.6075000166893005,115.26249694824219,2.4010000228881836
-0.7125000357627869,115.54750061035156,2.3930001258850098,-0.6075000166893005,115.59249877929688,2.4010000228881836
-0.7125000357627869,115.87750244140625,2.3930001258850098,-0.6075000166893005,115.92250061035156,2.4010000228881836
-0.7125000357627869,116.20750427246094,2.3930001258850098,-0.6075000166893005,116.25250244140625,2.4010000228881836
-0.7125000357627869,116.5374984741211,2.3930001258850098,-0.6075000166893005,116.5824966430664,2.4010000228881836
-0.7125000357627869,116.86750030517578,2.3930001258850098,-0.6075000166893005,116.9124984741211,2.4010000228881836
-0.7125000357627869,117.19750213623047,2.3930001258850098,-0.6075000166893005,117.24250030517578,2.4010000228881836
-0.7125000357627869,117.52750396728516,2.3930001258850098,-0.6075000166893005,117.57250213623047,2.4010000228881836
-0.7125000357627869,117.85749816894531,2.3930001258850098,-0.6075000166893005,117.90249633789062,2.4010000228881836
-0.7125000357627869,118.1875,2.3930001258850098,-0.6075000166893005,118.23249816894531,2.4010000228881836
-0.7125000357627869,118.51750183105469,2.3930001258850098,-0.6075000166893005,118.5625,2.4010000228881836
-0.7125000357627869,118.84750366210938,2.3930001258850098,-0.6075000166893005,118.89250183105469,2.4010000228881836
-0.7125000357627869,119.17749786376953,2.3930001258850098,-0.6075000166893005,119.22249603271484,2.4010000228881836
-0.7125000357627869,119.50749969482422,2.3930001258850098,-0.6075000166893005,119.55249786376953,2.4010000228881836
-0.7125000357627869,119.8375015258789,2.3930001258850098,-0.6075000166893005,119.88249969482422,2.4010000228881836
-0.7125000357627869,120.1675033569336,2.3930001258850098,-0.6075000166893005,120.2125015258789,2.4010000228881836
-0.7125000357627869,120.49749755859375,2.3930001258850098,-0.6075000166893005,120.54249572753906,2.4010000228881836
-0.7125000357627869,120.82749938964844,2.3930001258850098,-0.6075000166893005,120.87249755859375,2.4010000228881836
-0.7125000357627869,121.15750122070312,2.3930001258850098,-0.6075000166893005,121.20249938964844,2.4010000228881836
-0.7125000357627869,121.48750305175781,2.3930001258850098,-0.6075000166893005,121.53250122070312,2.4010000228881836
-0.7125000357627869,121.81749725341797,2.3930001258850098,-0.6075000166893005,121.86249542236328,2.4010000228881836
-0.7125000357627869,122.14749908447266,2.3930001258850098,-0.6075000166893005,122.19249725341797,2.4010000228881836
-0.7125000357627869,122.47750091552734,2.3930001258850098,-0.6075000166893005,122.52249908447266,2.4010000228881836
-0.7125000357627869,122.80750274658203,2.3930001258850098,-0.6075000166893005,122.85250091552734,2.4010000228881836
-0.7125000357627869,123.13750457763672,2.3930001258850098,-0.6075000166893005,123.18250274658203,2.4010000228881836
-0.7125000357627869,123.46749877929688,2.3930001258850098,-0.6075000166893005,123.51249694824219,2.4010000228881836
-0.7125000357627869,123.79750061035156,2.3930001258850098,-0.6075000166893005,123.84249877929688,2.4010000228881836
-0.7125000357627869,124.12750244140625,2.3930001258850098,-0.6075000166893005,124.17250061035156,2.4010000228881836
-0.7125000357627869,124.45750427246094,2.3930001258850098,-0.6075000166893005,124.50250244140625,2.4010000228881836
0.5800000429153442,101.05000305175781,2.4010000228881836,0.7400000095367432,104.80000305175781,2.4190001487731934
0.5800000429153442,104.80000305175781,2.4010000228881836,0.7400000095367432,108.80000305175781,2.4190001487731934
0.5800000429153442,108.80000305175781,2.4010000228881836,0.7400000095367432,112.80000305175781,2.4190001487731934
0.5800000429153442,112.80000305175781,2.4010000228881836,0.7400000095367432,116.80000305175781,2.4190001487731934
0.5800000429153442,116.80000305175781,2.4010000228881836,0.7400000095367432,120.80000305175781,2.4190001487731934
0.5800000429153442,120.80000305175781,2.4010000228881836,0.7400000095367432,124.55000305175781,2.4190001487731934
0.6075000166893005,101.02750396728516,2.3930001258850098,0.7125000357627869,101.07250213623047,2.4010000228881836
0.6075000166893005,101.35749816894531,2.3930001258850098,0.7125000357627869,101.40249633789062,2.4010000228881836
0.6075000166893005,101.6875,2.3930001258850098,0.7125000357627869,101.73249816894531,2.4010000228881836
0.6075000166893005,102.01750183105469,2.3930001258850098,0.7125000357627869,102.0625,2.4010000228881836
0.6075000166893005,102.34750366210938,2.3930001258850098,0.7125000357627869,102.39250183105469,2.4010000228881836
0.6075000166893005,102.67749786376953,2.3930001258850098,0.7125000357627869,102.72249603271484,2.4010000228881836
0.6075000166893005,103.00749969482422,2.3930001258850098,0.7125000357627869,103.05249786376953,2.4010000228881836
0.6075000166893005,103.3375015258789,2.3930001258850098,0.7125000357627869,103.38249969482422,2.4010000228881836
0.6075000166893005,103.6675033569336,2.3930001258850098,0.7125000357627869,103.7125015258789,2.4010000228881836
0.6075000166893005,103.99749755859375,2.3930001258850098,0.7125000357627869,104.04249572753906,2.4010000228881836
0.6075000166893005,104.32749938964844,2.3930001258850098,0.7125000357627869,104.37249755859375,2.4010000228881836
0.6075000166893005,104.65750122070312,2.3930001258850098,0.7125000357627869,104.70249938964844,2.4010000228881836
0.6075000166893005,104.98750305175781,2.3930001258850098,0.7125000357627869,105.03250122070312,2.4010000228881836
0.6075000166893005,105.31749725341797,2.3930001258850098,0.7125000357627869,105.36249542236328,2.4010000228881836
0.6075000166893005,105.64749908447266,2.3930001258850098,0.7125000357627869,105.69249725341797,2.4010000228881836
0.6075000166893005,105.97750091552734,2.3930001258850098,0.7125000357627869,106.02249908447266,2.4010000228881836
0.6075000166893005,106.30750274658203,2.3930001258850098,0.7125000357627869,106.35250091552734,2.4010000228881836
0.6075000166893005,106.63750457763672,2.3930001258850098,0.7125000357627869,106.68250274658203,2.4010000228881836
0.6075000166893005,106.96749877929688,2.3930001258850098,0.7125000357627869,107.01249694824219,2.4010000228881836
0.6075000166893005,107.29750061035156,2.3930001258850098,0.7125000357627869,107.34249877929688,2.4010000228881836
0.6075000166893005,107.62750244140625,2.3930001258850098,0.7125000357627869,107.67250061035156,2.4010000228881836
0.6075000166893005,107.95750427246094,2.3930001258850098,0.7125000357627869,108.00250244140625,2.4010000228881836
0.6075000166893005,108.2874984741211,2.3930001258850098,0.7125000357627869,108.3324966430664,2.4010000228881836
0.6075000166893005,108.61750030517578,2.3930001258850098,0.7125000357627869,108.6624984741211,2.4010000228881836
0.6075000166893005,108.94750213623047,2.3930001258850098,0.7125000357627869,108.99250030517578,2.4010000228881836
0.6075000166893005,109.27750396728516,2.3930001258850098,0.7125000357627869,109.32250213623047,2.4010000228881836
0.6075000166893005,109.60749816894531,2.3930001258850098,0.7125000357627869,109.65249633789062,2.4010000228881836
0.6075000166893005,109.9375,2.3930001258850098,0.7125000357627869,109.98249816894531,2.4010000228881836
0.6075000166893005,110.26750183105469,2.3930001258850098,0.7125000357627869,110.3125,2.4010000228881836
0.6075000166893005,110.59750366210938,2.3930001258850098,0.7125000357627869,110.64250183105469,2.4010000228881836
0.6075000166893005,110.92749786376953,2.3930001258850098,0.7125000357627869,110.97249603271484,2.4010000228881836
0.6075000166893005,111.25749969482422,2.3930001258850098,0.7125000357627869,111.30249786376953,2.4010000228881836
0.6075000166893005,111.5875015258789,2.3930001258850098,0.7125000357627869,111.63249969482422,2.4010000228881836
0.6075000166893005,111.9175033569336,2.3930001258850098,0.7125000357627869,111.9625015258789,2.4010000228881836
0.6075000166893005,112.24749755859375,2.3930001258850098,0.7125000357627869,112.29249572753906,2.4010000228881836
0.6075000166893005,112.57749938964844,2.3930001258850098,0.7125000357627869,112.62249755859375,2.4010000228881836
0.6075000166893005,112.90750122070312,2.3930001258850098,0.7125000357627869,112.95249938964844,2.4010000228881836
0.6075000166893005,113.23750305175781,2.3930001258850098,0.7125000357627869,113.28250122070312,2.4010000228881836
0.6075000166893005,113.56749725341797,2.3930001258850098,0.7125000357627869,113.61249542236328,2.4010000228881836
0.6075000166893005,113.89749908447266,2.3930001258850098,0.7125000357627869,113.94249725341797,2.4010000228881836
0.6075000166893005,114.22750091552734,2.3930001258850098,0.7125000357627869,114.27249908447266,2.4010000228881836
0.6075000166893005,114.55750274658203,2.3930001258850098,0.7125000357627869,114.60250091552734,2.4010000228881836
0.6075000166893005,114.88750457763672,2.3930001258850098,0.7125000357627869,114.93250274658203,2.4010000228881836
0.6075000166893005,115.21749877929688,2.3930001258850098,0.7125000357627869,115.26249694824219,2.4010000228881836
0.6075000166893005,115.54750061035156,2.3930001258850098,0.7125000357627869,115.59249877929688,2.4010000228881836
0.6075000166893005,115.87750244140625,2.3930001258850098,0.7125000357627869,115.92250061035156,2.4010000228881836
0.6075000166893005,116.20750427246094,2.3930001258850098,0.7125000357627869,116.25250244140625,2.4010000228881836
0.6075000166893005,116.5374984741211,2.3930001258850098,0.7125000357627869,116.5824966430664,2.4010000228881836
0.6075000166893005,116.86750030517578,2.3930001258850098,0.7125000357627869,116.9124984741211,2.4010000228881836
0.6075000166893005,117.19750213623047,2.3930001258850098,0.7125000357627869,117.24250030517578,2.4010000228881836
0.6075000166893005,117.52750396728516,2.3930001258850098,0.7125000357627869,117.57250213623047,2.4010000228881836
0.6075000166893005,117.85749816894531,2.3930001258850098,0.7125000357627869,117.90249633789062,2.4010000228881836
0.6075000166893005,118.1875,2.3930001258850098,0.7125000357627869,118.23249816894531,2.4010000228881836
0.6075000166893005,118.51750183105469,2.3930001258850098,0.7125000357627869,118.5625,2.4010000228881836
0.6075000166893005,118.84750366210938,2.3930001258850098,0.7125000357627869,118.89250183105469,2.4010000228881836
0.6075000166893005,119.17749786376953,2.3930001258850098,0.7125000357627869,119.22249603271484,2.4010000228881836
0.6075000166893005,119.50749969482422,2.3930001258850098,0.7125000357627869,119.55249786376953,2.4010000228881836
0.6075000166893005,119.8375015258789,2.3930001258850098,0.7125000357627869,119.88249969482422,2.4010000228881836
0.6075000166893005,120.1675033569336,2.3930001258850098,0.7125000357627869,120.2125015258789,2.4010000228881836
0.6075000166893005,120.49749755859375,2.3930001258850098,0.7125000357627869,120.54249572753906,2.4010000228881836
0.6075000166893005,120.82749938964844,2.3930001258850098,0.7125000357627869,120.87249755859375,2.4010000228881836
0.6075000166893005,121.15750122070312,2.3930001258850098,0.7125000357627869,121.20249938964844,2.4010000228881836
0.6075000166893005,121.48750305175781,2.3930001258850098,0.7125000357627869,121.53250122070312,2.4010000228881836
0.6075000166893005,121.81749725341797,2.3930001258850098,0.7125000357627869,121.86249542236328,2.4010000228881836
0.6075000166893005,122.14749908447266,2.3930001258850098,0.7125000357627869,122.19249725341797,2.4010000228881836
0.6075000166893005,122.47750091552734,2.3930001258850098,0.7125000357627869,122.52249908447266,2.4010000228881836
0.6075000166893005,122.80750274658203,2.3930001258850098,0.7125000357627869,122.85250091552734,2.4010000228881836
0.6075000166893005,123.13750457763672,2.3930001258850098,0.7125000357627869,123.18250274658203,2.4010000228881836
0.6075000166893005,123.46749877929688,2.3930001258850098,0.7125000357627869,123.51249694824219,2.4010000228881836
0.6075000166893005,123.79750061035156,2.3930001258850098,0.7125000357627869,123.84249877929688,2.4010000228881836
0.6075000166893005,124.12750244140625,2.3930001258850098,0.7125000357627869,124.17250061035156,2.4010000228881836
0.6075000166893005,124.45750427246094,2.3930001258850098,0.7125000357627869,124.50250244140625,2.4010000228881836
-0.054999999701976776,103.74500274658203,2.36899995803833,0.054999999701976776,103.8550033569336,2.4029998779296875
-0.05999999865889549,103.99000549316406,2.392500162124634,0.05999999865889549,104.11000061035156,2.4075000286102295
-0.054999999701976776,108.74500274658203,2.36899995803833,0.054999999701976776,108.8550033569336,2.4029998779296875
-0.05999999865889549,108.99000549316406,2.392500162124634,0.05999999865889549,109.11000061035156,2.4075000286102295
-0.054999999701976776,113.74500274658203,2.36899995803833,0.054999999701976776,113.8550033569336,2.4029998779296875
-0.05999999865889549,113.99000549316406,2.392500162124634,0.05999999865889549,114.11000061035156,2.4075000286102295
-0.054999999701976776,118.74500274658203,2.36899995803833,0.054999999701976776,118.8550033569336,2.4029998779296875
-0.05999999865889549,118.99000549316406,2.392500162124634,0.05999999865889549,119.11000061035156,2.4075000286102295
-0.054999999701976776,122.74500274658203,2.36899995803833,0.054999999701976776,122.8550033569336,2.4029998779296875
-0.05999999865889549,122.99000549316406,2.392500162124634,0.05999999865889549,123.11000061035156,2.4075000286102295
-1.3240000009536743,106.0260009765625,2.3514997959136963,-1.275999903678894,106.07400512695312,2.368499994277954
-0.8039999604225159,106.0260009765625,2.3514997959136963,-0.7559999823570251,106.07400512695312,2.368499994277954
-0.2839999794960022,106.0260009765625,2.3514997959136963,-0.23599998652935028,106.07400512695312,2.368499994277954
0.7559999823570251,106.0260009765625,2.3514997959136963,0.8039999604225159,106.07400512695312,2.368499994277954
1.275999903678894,106.0260009765625,2.3514997959136963,1.3240000009536743,106.07400512695312,2.368499994277954
-1.3240000009536743,106.95600128173828,2.3514997959136963,-1.275999903678894,107.0040054321289,2.368499994277954
-0.8039999604225159,106.95600128173828,2.3514997959136963,-0.7559999823570251,107.0040054321289,2.368499994277954
-0.2839999794960022,106.95600128173828,2.3514997959136963,-0.23599998652935028,107.0040054321289,2.368499994277954
0.7559999823570251,106.95600128173828,2.3514997959136963,0.8039999604225159,107.0040054321289,2.368499994277954
1.275999903678894,106.95600128173828,2.3514997959136963,1.3240000009536743,107.0040054321289,2.368499994277954
-1.3240000009536743,107.88600158691406,2.3514997959136963,-1.275999903678894,107.93400573730469,2.368499994277954
-0.8039999604225159,107.88600158691406,2.3514997959136963,-0.7559999823570251,107.93400573730469,2.368499994277954
-0.2839999794960022,107.88600158691406,2.3514997959136963,-0.23599998652935028,107.93400573730469,2.368499994277954
0.7559999823570251,107.88600158691406,2.3514997959136963,0.8039999604225159,107.93400573730469,2.368499994277954
1.275999903678894,107.88600158691406,2.3514997959136963,1.3240000009536743,107.93400573730469,2.368499994277954
-1.3240000009536743,108.81599426269531,2.3514997959136963,-1.275999903678894,108.86399841308594,2.368499994277954
-0.8039999604225159,108.81599426269531,2.3514997959136963,-0.7559999823570251,108.86399841308594,2.368499994277954
-0.2839999794960022,108.81599426269531,2.3514997959136963,-0.23599998652935028,108.86399841308594,2.368499994277954
0.7559999823570251,108.81599426269531,2.3514997959136963,0.8039999604225159,108.86399841308594,2.368499994277954
1.275999903678894,108.81599426269531,2.3514997959136963,1.3240000009536743,108.86399841308594,2.368499994277954
-1.3240000009536743,109.7459945678711,2.3514997959136963,-1.275999903678894,109.79399871826172,2.368499994277954
-0.8039999604225159,109.7459945678711,2.3514997959136963,-0.7559999823570251,109.79399871826172,2.368499994277954
-0.2839999794960022,109.7459945678711,2.3514997959136963,-0.23599998652935028,109.79399871826172,2.368499994277954
0.7559999823570251,109.7459945678711,2.3514997959136963,0.8039999604225159,109.79399871826172,2.368499994277954
1.275999903678894,109.7459945678711,2.3514997959136963,1.3240000009536743,109.79399871826172,2.368499994277954
-1.3240000009536743,110.67599487304688,2.3514997959136963,-1.275999903678894,110.7239990234375,2.368499994277954
-0.8039999604225159,110.67599487304688,2.3514997959136963,-0.7559999823570251,110.7239990234375,2.368499994277954
-0.2839999794960022,110.67599487304688,2.3514997959136963,-0.23599998652935028,110.7239990234375,2.368499994277954
0.7559999823570251,110.67599487304688,2.3514997959136963,0.8039999604225159,110.7239990234375,2.368499994277954
1.275999903678894,110.67599487304688,2.3514997959136963,1.3240000009536743,110.7239990234375,2.368499994277954
-1.3240000009536743,111.60599517822266,2.3514997959136963,-1.275999903678894,111.65399932861328,2.368499994277954
-0.8039999604225159,111.60599517822266,2.3514997959136963,-0.7559999823570251,111.65399932861328,2.368499994277954
-0.2839999794960022,111.60599517822266,2.3514997959136963,-0.23599998652935028,111.65399932861328,2.368499994277954
0.7559999823570251,111.60599517822266,2.3514997959136963,0.8039999604225159,111.65399932861328,2.368499994277954
1.275999903678894,111.60599517822266,2.3514997959136963,1.3240000009536743,111.65399932861328,2.368499994277954
-1.3240000009536743,113.13600158691406,2.3514997959136963,-1.275999903678894,113.18400573730469,2.368499994277954
-0.8039999604225159,113.13600158691406,2.3514997959136963,-0.7559999823570251,113.18400573730469,2.368499994277954
-0.2839999794960022,113.13600158691406,2.3514997959136963,-0.23599998652935028,113.18400573730469,2.368499994277954
0.7559999823570251,113.13600158691406,2.3514997959136963,0.8039999604225159,113.18400573730469,2.368499994277954
1.275999903678894,113.13600158691406,2.3514997959136963,1.3240000009536743,113.18400573730469,2.368499994277954
-1.3240000009536743,114.06599426269531,2.3514997959136963,-1.275999903678894,114.11399841308594,2.368499994277954
-0.8039999604225159,114.06599426269531,2.3514997959136963,-0.7559999823570251,114.11399841308594,2.368499994277954
-0.2839999794960022,114.06599426269531,2.3514997959136963,-0.23599998652935028,114.11399841308594,2.368499994277954
0.7559999823570251,114.06599426269531,2.3514997959136963,0.8039999604225159,114.11399841308594,2.368499994277954
1.275999903678894,114.06599426269531,2.3514997959136963,1.3240000009536743,114.11399841308594,2.368499994277954
-1.3240000009536743,114.9959945678711,2.3514997959136963,-1.275999903678894,115.04399871826172,2.368499994277954
-0.8039999604225159,114.9959945678711,2.3514997959136963,-0.7559999823570251,115.04399871826172,2.368499994277954
-0.2839999794960022,114.9959945678711,2.3514997959136963,-0.23599998652935028,115.04399871826172,2.368499994277954
0.7559999823570251,114.9959945678711,2.3514997959136963,0.8039999604225159,115.04399871826172,2.368499994277954
1.275999903678894,114.9959945678711,2.3514997959136963,1.3240000009536743,115.04399871826172,2.368499994277954
-1.3240000009536743,115.92599487304688,2.3514997959136963,-1.275999903678894,115.9739990234375,2.368499994277954
-0.8039999604225159,115.92599487304688,2.3514997959136963,-0.7559999823570251,115.9739990234375,2.368499994277954
-0.2839999794960022,115.92599487304688,2.3514997959136963,-0.23599998652935028,115.9739990234375,2.368499994277954
0.7559999823570251,115.92599487304688,2.3514997959136963,0.8039999604225159,115.9739990234375,2.368499994277954
1.275999903678894,115.92599487304688,2.3514997959136963,1.3240000009536743,115.9739990234375,2.368499994277954
-1.3240000009536743,116.85599517822266,2.3514997959136963,-1.275999903678894,116.90399932861328,2.368499994277954
-0.8039999604225159,116.85599517822266,2.3514997959136963,-0.7559999823570251,116.90399932861328,2.368499994277954
-0.2839999794960022,116.85599517822266,2.3514997959136963,-0.23599998652935028,116.90399932861328,2.368499994277954
0.7559999823570251,116.85599517822266,2.3514997959136963,0.8039999604225159,116.90399932861328,2.368499994277954
1.275999903678894,116.85599517822266,2.3514997959136963,1.3240000009536743,116.90399932861328,2.368499994277954
-1.3240000009536743,117.78599548339844,2.3514997959136963,-1.275999903678894,117.83399963378906,2.368499994277954
-0.8039999604225159,117.78599548339844,2.3514997959136963,-0.7559999823570251,117.83399963378906,2.368499994277954
-0.2839999794960022,117.78599548339844,2.3514997959136963,-0.23599998652935028,117.83399963378906,2.368499994277954
0.7559999823570251,117.78599548339844,2.3514997959136963,0.8039999604225159,117.83399963378906,2.368499994277954
1.275999903678894,117.78599548339844,2.3514997959136963,1.3240000009536743,117.83399963378906,2.368499994277954
-1.3240000009536743,118.71599578857422,2.3514997959136963,-1.275999903678894,118.76399993896484,2.368499994277954
-0.8039999604225159,118.71599578857422,2.3514997959136963,-0.7559999823570251,118.76399993896484,2.368499994277954
-0.2839999794960022,118.71599578857422,2.3514997959136963,-0.23599998652935028,118.76399993896484,2.368499994277954
0.7559999823570251,118.71599578857422,2.3514997959136963,0.8039999604225159,118.76399993896484,2.368499994277954
1.275999903678894,118.71599578857422,2.3514997959136963,1.3240000009536743,118.76399993896484,2.368499994277954
-1.350000023841858,126.25,2.325000047683716,-1.03000009059906,130.0,2.4049999713897705
-1.350000023841858,130.0,2.325000047683716,-1.03000009059906,134.0,2.4049999713897705
-1.350000023841858,134.0,2.325000047683716,-1.03000009059906,138.0,2.4049999713897705
-1.350000023841858,138.0,2.325000047683716,-1.03000009059906,142.0,2.4049999713897705
-1.350000023841858,142.0,2.325000047683716,-1.03000009059906,146.0,2.4049999713897705
-1.350000023841858,146.0,2.325000047683716,-1.03000009059906,149.75,2.4049999713897705
-1.25,126.29999542236328,2.309000015258789,-1.1099998950958252,130.0,2.3309998512268066
-1.25,130.0,2.309000015258789,-1.1099998950958252,134.0,2.3309998512268066
-1.25,134.0,2.309000015258789,-1.1099998950958252,138.0,2.3309998512268066
-1.25,138.0,2.309000015258789,-1.1099998950958252,142.0,2.3309998512268066
-1.25,142.0,2.309000015258789,-1.1099998950958252,146.0,2.3309998512268066
-1.25,146.0,2.309000015258789,-1.1099998950958252,149.70001220703125,2.3309998512268066
-1.6349999904632568,126.0,2.2799999713897705,-1.3650000095367432,130.0,2.419999837875366
-1.6349999904632568,130.0,2.2799999713897705,-1.3650000095367432,134.0,2.419999837875366
-1.6349999904632568,134.0,2.2799999713897705,-1.3650000095367432,138.0,2.419999837875366
-1.6349999904632568,138.0,2.2799999713897705,-1.3650000095367432,142.0,2.419999837875366
-1.6349999904632568,142.0,2.2799999713897705,-1.3650000095367432,146.0,2.419999837875366
-1.6349999904632568,146.0,2.2799999713897705,-1.3650000095367432,150.0,2.419999837875366
1.03000009059906,126.25,2.325000047683716,1.350000023841858,130.0,2.4049999713897705
1.03000009059906,130.0,2.325000047683716,1.350000023841858,134.0,2.4049999713897705
1.03000009059906,134.0,2.325000047683716,1.350000023841858,138.0,2.4049999713897705
1.03000009059906,138.0,2.325000047683716,1.350000023841858,142.0,2.4049999713897705
1.03000009059906,142.0,2.325000047683716,1.350000023841858,146.0,2.4049999713897705
1.03000009059906,146.0,2.325000047683716,1.350000023841858,149.75,2.4049999713897705
1.1099998950958252,126.29999542236328,2.309000015258789,1.25,130.0,2.3309998512268066
1.1099998950958252,130.0,2.309000015258789,1.25,134.0,2.3309998512268066
1.1099998950958252,134.0,2.309000015258789,1.25,138.0,2.3309998512268066
1.1099998950958252,138.0,2.309000015258789,1.25,142.0,2.3309998512268066
1.1099998950958252,142.0,2.309000015258789,1.25,146.0,2.3309998512268066
1.1099998950958252,146.0,2.309000015258789,1.25,149.70001220703125,2.3309998512268066
1.3650000095367432,126.0,2.2799999713897705,1.6349999904632568,130.0,2.419999837875366
1.3650000095367432,130.0,2.2799999713897705,1.6349999904632568,134.0,2.419999837875366
1.3650000095367432,134.0,2.2799999713897705,1.6349999904632568,138.0,2.419999837875366
1.3650000095367432,138.0,2.2799999713897705,1.6349999904632568,142.0,2.419999837875366
1.3650000095367432,142.0,2.2799999713897705,1.6349999904632568,146.0,2.419999837875366
1.3650000095367432,146.0,2.2799999713897705,1.6349999904632568,150.0,2.419999837875366
-1.3600000143051147,126.0,2.4200000762939453,1.3600000143051147,130.0,2.5399999618530273
-1.3600000143051147,130.0,2.4200000762939453,1.3600000143051147,134.0,2.5399999618530273
-1.3600000143051147,134.0,2.4200000762939453,1.3600000143051147,138.0,2.5399999618530273
-1.3600000143051147,138.0,2.4200000762939453,1.3600000143051147,142.0,2.5399999618530273
-1.3600000143051147,142.0,2.4200000762939453,1.3600000143051147,146.0,2.5399999618530273
-1.3600000143051147,146.0,2.4200000762939453,1.3600000143051147,150.0,2.5399999618530273
-1.159999966621399,127.49700164794922,2.4110000133514404,1.159999966621399,127.50299835205078,2.4170000553131104
-1.159999966621399,128.9969940185547,2.4110000133514404,1.159999966621399,129.0030059814453,2.4170000553131104
-1.159999966621399,130.4969940185547,2.4110000133514404,1.159999966621399,130.5030059814453,2.4170000553131104
-1.159999966621399,131.9969940185547,2.4110000133514404,1.159999966621399,132.0030059814453,2.4170000553131104
-1.159999966621399,133.4969940185547,2.4110000133514404,1.159999966621399,133.5030059814453,2.4170000553131104
-1.159999966621399,134.9969940185547,2.4110000133514404,1.159999966621399,135.0030059814453,2.4170000553131104
-1.159999966621399,136.4969940185547,2.4110000133514404,1.159999966621399,136.5030059814453,2.4170000553131104
-1.159999966621399,137.9969940185547,2.4110000133514404,1.159999966621399,138.0030059814453,2.4170000553131104
-1.159999966621399,139.4969940185547,2.4110000133514404,1.159999966621399,139.5030059814453,2.4170000553131104
-1.159999966621399,140.9969940185547,2.4110000133514404,1.159999966621399,141.0030059814453,2.4170000553131104
-1.159999966621399,142.4969940185547,2.4110000133514404,1.159999966621399,142.5030059814453,2.4170000553131104
-1.159999966621399,143.9969940185547,2.4110000133514404,1.159999966621399,144.0030059814453,2.4170000553131104
-1.159999966621399,145.4969940185547,2.4110000133514404,1.159999966621399,145.5030059814453,2.4170000553131104
-1.159999966621399,146.9969940185547,2.4110000133514404,1.159999966621399,147.0030059814453,2.4170000553131104
-1.159999966621399,148.4969940185547,2.4110000133514404,1.159999966621399,148.5030059814453,2.4170000553131104
-0.7400000095367432,126.25,2.4010000228881836,-0.5800000429153442,130.0,2.4190001487731934
-0.7400000095367432,130.0,2.4010000228881836,-0.5800000429153442,134.0,2.4190001487731934
-0.7400000095367432,134.0,2.4010000228881836,-0.5800000429153442,138.0,2.4190001487731934
-0.7400000095367432,138.0,2.4010000228881836,-0.5800000429153442,142.0,2.4190001487731934
-0.7400000095367432,142.0,2.4010000228881836,-0.5800000429153442,146.0,2.4190001487731934
-0.7400000095367432,146.0,2.4010000228881836,-0.5800000429153442,149.75,2.4190001487731934
-0.7125000357627869,126.22750091552734,2.3930001258850098,-0.6075000166893005,126.27249908447266,2.4010000228881836
-0.7125000357627869,126.55750274658203,2.3930001258850098,-0.6075000166893005,126.60250091552734,2.4010000228881836
-0.7125000357627869,126.88750457763672,2.3930001258850098,-0.6075000166893005,126.93250274658203,2.4010000228881836
-0.7125000357627869,127.21749877929688,2.3930001258850098,-0.6075000166893005,127.26249694824219,2.4010000228881836
-0.7125000357627869,127.54750061035156,2.3930001258850098,-0.6075000166893005,127.59249877929688,2.4010000228881836
-0.7125000357627869,127.87750244140625,2.3930001258850098,-0.6075000166893005,127.92250061035156,2.4010000228881836
-0.7125000357627869,128.20748901367188,2.3930001258850098,-0.6075000166893005,128.25250244140625,2.4010000228881836
-0.7125000357627869,128.53749084472656,2.3930001258850098,-0.6075000166893005,128.58250427246094,2.4010000228881836
-0.7125000357627869,128.86749267578125,2.3930001258850098,-0.6075000166893005,128.91250610351562,2.4010000228881836
-0.7125000357627869,129.19749450683594,2.3930001258850098,-0.6075000166893005,129.2425079345703,2.4010000228881836
-0.7125000357627869,129.52749633789062,2.3930001258850098,-0.6075000166893005,129.572509765625,2.4010000228881836
-0.7125000357627869,129.8574981689453,2.3930001258850098,-0.6075000166893005,129.9025115966797,2.4010000228881836
-0.7125000357627869,130.1875,2.3930001258850098,-0.6075000166893005,130.23251342773438,2.4010000228881836
-0.7125000357627869,130.51748657226562,2.3930001258850098,-0.6075000166893005,130.5625,2.4010000228881836
-0.7125000357627869,130.8474884033203,2.3930001258850098,-0.6075000166893005,130.8925018310547,2.4010000228881836
-0.7125000357627869,131.177490234375,2.3930001258850098,-0.6075000166893005,131.22250366210938,2.4010000228881836
-0.7125000357627869,131.5074920654297,2.3930001258850098,-0.6075000166893005,131.55250549316406,2.4010000228881836
-0.7125000357627869,131.83749389648438,2.3930001258850098,-0.6075000166893005,131.88250732421875,2.4010000228881836
-0.7125000357627869,132.16749572753906,2.3930001258850098,-0.6075000166893005,132.21250915527344,2.4010000228881836
-0.7125000357627869,132.49749755859375,2.3930001258850098,-0.6075000166893005,132.54251098632812,2.4010000228881836
-0.7125000357627869,132.82749938964844,2.3930001258850098,-0.6075000166893005,132.8725128173828,2.4010000228881836
-0.7125000357627869,133.15748596191406,2.3930001258850098,-0.6075000166893005,133.20249938964844,2.4010000228881836
-0.7125000357627869,133.48748779296875,2.3930001258850098,-0.6075000166893005,133.53250122070312,2.4010000228881836
-0.7125000357627869,133.81748962402344,2.3930001258850098,-0.6075000166893005,133.8625030517578,2.4010000228881836
-0.7125000357627869,134.14749145507812,2.3930001258850098,-0.6075000166893005,134.1925048828125,2.4010000228881836
-0.7125000357627869,134.4774932861328,2.3930001258850098,-0.6075000166893005,134.5225067138672,2.4010000228881836
-0.7125000357627869,134.8074951171875,2.3930001258850098,-0.6075000166893005,134.85250854492188,2.4010000228881836
-0.7125000357627869,135.1374969482422,2.3930001258850098,-0.6075000166893005,135.18251037597656,2.4010000228881836
-0.7125000357627869,135.46749877929688,2.3930001258850098,-0.6075000166893005,135.51251220703125,2.4010000228881836
-0.7125000357627869,135.79750061035156,2.3930001258850098,-0.6075000166893005,135.84251403808594,2.4010000228881836
-0.7125000357627869,136.1274871826172,2.3930001258850098,-0.6075000166893005,136.17250061035156,2.4010000228881836
-0.7125000357627869,136.45748901367188,2.3930001258850098,-0.6075000166893005,136.50250244140625,2.4010000228881836
-0.7125000357627869,136.78749084472656,2.3930001258850098,-0.6075000166893005,136.83250427246094,2.4010000228881836
-0.7125000357627869,137.11749267578125,2.3930001258850098,-0.6075000166893005,137.16250610351562,2.4010000228881836
-0.7125000357627869,137.44749450683594,2.3930001258850098,-0.6075000166893005,137.4925079345703,2.4010000228881836
-0.7125000357627869,137.77749633789062,2.3930001258850098,-0.6075000166893005,137.822509765625,2.4010000228881836
-0.7125000357627869,138.1074981689453,2.3930001258850098,-0.6075000166893005,138.1525115966797,2.4010000228881836
-0.7125000357627869,138.4375,2.3930001258850098,-0.6075000166893005,138.48251342773438,2.4010000228881836
-0.7125000357627869,138.76748657226562,2.3930001258850098,-0.6075000166893005,138.8125,2.4010000228881836
-0.7125000357627869,139.0974884033203,2.3930001258850098,-0.6075000166893005,139.1425018310547,2.4010000228881836
-0.7125000357627869,139.427490234375,2.3930001258850098,-0.6075000166893005,139.47250366210938,2.4010000228881836
-0.7125000357627869,139.7574920654297,2.3930001258850098,-0.6075000166893005,139.80250549316406,2.4010000228881836
-0.7125000357627869,140.08749389648438,2.3930001258850098,-0.6075000166893005,140.13250732421875,2.4010000228881836
-0.7125000357627869,140.41749572753906,2.3930001258850098,-0.6075000166893005,140.46250915527344,2.4010000228881836
-0.7125000357627869,140.74749755859375,2.3930001258850098,-0.6075000166893005,140.79251098632812,2.4010000228881836
-0.7125000357627869,141.07749938964844,2.3930001258850098,-0.6075000166893005,141.1225128173828,2.4010000228881836
-0.7125000357627869,141.40748596191406,2.3930001258850098,-0.6075000166893005,141.45249938964844,2.4010000228881836
-0.7125000357627869,141.73748779296875,2.3930001258850098,-0.6075000166893005,141.78250122070312,2.4010000228881836
-0.7125000357627869,142.06748962402344,2.3930001258850098,-0.6075000166893005,142.1125030517578,2.4010000228881836
-0.7125000357627869,142.39749145507812,2.3930001258850098,-0.6075000166893005,142.4425048828125,2.4010000228881836
-0.7125000357627869,142.7274932861328,2.3930001258850098,-0.6075000166893005,142.7725067138672,2.4010000228881836
-0.7125000357627869,143.0574951171875,2.3930001258850098,-0.6075000166893005,143.10250854492188,2.4010000228881836
-0.7125000357627869,143.3874969482422,2.3930001258850098,-0.6075000166893005,143.43251037597656,2.4010000228881836
-0.7125000357627869,143.71749877929688,2.3930001258850098,-0.6075000166893005,143.76251220703125,2.4010000228881836
-0.7125000357627869,144.04750061035156,2.3930001258850098,-0.6075000166893005,144.09251403808594,2.4010000228881836
-0.7125000357627869,144.3774871826172,2.3930001258850098,-0.6075000166893005,144.42250061035156,2.4010000228881836
-0.7125000357627869,144.70748901367188,2.3930001258850098,-0.6075000166893005,144.75250244140625,2.4010000228881836
-0.7125000357627869,145.03749084472656,2.3930001258850098,-0.6075000166893005,145.08250427246094,2.4010000228881836
-0.7125000357627869,145.36749267578125,2.3930001258850098,-0.6075000166893005,145.41250610351562,2.4010000228881836
-0.7125000357627869,145.69749450683594,2.3930001258850098,-0.6075000166893005,145.7425079345703,2.4010000228881836
-0.7125000357627869,146.02749633789062,2.3930001258850098,-0.6075000166893005,146.072509765625,2.4010000228881836
-0.7125000357627869,146.3574981689453,2.3930001258850098,-0.6075000166893005,146.4025115966797,2.4010000228881836
-0.7125000357627869,146.6875,2.3930001258850098,-0.6075000166893005,146.73251342773438,2.4010000228881836
-0.7125000357627869,147.01748657226562,2.3930001258850098,-0.6075000166893005,147.0625,2.4010000228881836
-0.7125000357627869,147.3474884033203,2.3930001258850098,-0.6075000166893005,147.3925018310547,2.4010000228881836
-0.7125000357627869,147.677490234375,2.3930001258850098,-0.6075000166893005,147.72250366210938,2.4010000228881836
-0.7125000357627869,148.0074920654297,2.3930001258850098,-0.6075000166893005,148.05250549316406,2.4010000228881836
-0.7125000357627869,148.33749389648438,2.3930001258850098,-0.6075000166893005,148.38250732421875,2.4010000228881836
-0.7125000357627869,148.66749572753906,2.3930001258850098,-0.6075000166893005,148.71250915527344,2.4010000228881836
-0.7125000357627869,148.99749755859375,2.3930001258850098,-0.6075000166893005,149.04251098632812,2.4010000228881836
-0.7125000357627869,149.32749938964844,2.3930001258850098,-0.6075000166893005,149.3725128173828,2.4010000228881836
-0.7125000357627869,149.65748596191406,2.3930001258850098,-0.6075000166893005,149.70249938964844,2.4010000228881836
0.5800000429153442,126.25,2.4010000228881836,0.7400000095367432,130.0,2.4190001487731934
0.5800000429153442,130.0,2.4010000228881836,0.7400000095367432,134.0,2.4190001487731934
0.5800000429153442,134.0,2.4010000228881836,0.7400000095367432,138.0,2.4190001487731934
0.5800000429153442,138.0,2.4010000228881836,0.7400000095367432,142.0,2.4190001487731934
0.5800000429153442,142.0,2.4010000228881836,0.7400000095367432,146.0,2.4190001487731934
0.5800000429153442,146.0,2.4010000228881836,0.7400000095367432,149.75,2.4190001487731934
0.6075000166893005,126.22750091552734,2.3930001258850098,0.7125000357627869,126.27249908447266,2.4010000228881836
0.6075000166893005,126.55750274658203,2.3930001258850098,0.7125000357627869,126.60250091552734,2.4010000228881836
0.6075000166893005,126.88750457763672,2.3930001258850098,0.7125000357627869,126.93250274658203,2.4010000228881836
0.6075000166893005,127.21749877929688,2.3930001258850098,0.7125000357627869,127.26249694824219,2.4010000228881836
0.6075000166893005,127.54750061035156,2.3930001258850098,0.7125000357627869,127.59249877929688,2.4010000228881836
0.6075000166893005,127.87750244140625,2.3930001258850098,0.7125000357627869,127.92250061035156,2.4010000228881836
0.6075000166893005,128.20748901367188,2.3930001258850098,0.7125000357627869,128.25250244140625,2.4010000228881836
0.6075000166893005,128.53749084472656,2.3930001258850098,0.7125000357627869,128.58250427246094,2.4010000228881836
0.6075000166893005,128.86749267578125,2.3930001258850098,0.7125000357627869,128.91250610351562,2.4010000228881836
0.6075000166893005,129.19749450683594,2.3930001258850098,0.7125000357627869,129.2425079345703,2.4010000228881836
0.6075000166893005,129.52749633789062,2.3930001258850098,0.7125000357627869,129.572509765625,2.4010000228881836
0.6075000166893005,129.8574981689453,2.3930001258850098,0.7125000357627869,129.9025115966797,2.4010000228881836
0.6075000166893005,130.1875,2.3930001258850098,0.7125000357627869,130.23251342773438,2.4010000228881836
0.6075000166893005,130.51748657226562,2.3930001258850098,0.7125000357627869,130.5625,2.4010000228881836
0.6075000166893005,130.8474884033203,2.3930001258850098,0.7125000357627869,130.8925018310547,2.4010000228881836
0.6075000166893005,131.177490234375,2.3930001258850098,0.7125000357627869,131.22250366210938,2.4010000228881836
0.6075000166893005,131.5074920654297,2.3930001258850098,0.7125000357627869,131.55250549316406,2.4010000228881836
0.6075000166893005,131.83749389648438,2.3930001258850098,0.7125000357627869,131.88250732421875,2.4010000228881836
0.6075000166893005,132.16749572753906,2.3930001258850098,0.7125000357627869,132.21250915527344,2.4010000228881836
0.6075000166893005,132.49749755859375,2.3930001258850098,0.7125000357627869,132.54251098632812,2.4010000228881836
0.6075000166893005,132.82749938964844,2.3930001258850098,0.7125000357627869,132.8725128173828,2.4010000228881836
0.6075000166893005,133.15748596191406,2.3930001258850098,0.7125000357627869,133.20249938964844,2.4010000228881836
0.6075000166893005,133.48748779296875,2.3930001258850098,0.7125000357627869,133.53250122070312,2.4010000228881836
0.6075000166893005,133.81748962402344,2.3930001258850098,0.7125000357627869,133.8625030517578,2.4010000228881836
0.6075000166893005,134.14749145507812,2.3930001258850098,0.7125000357627869,134.1925048828125,2.4010000228881836
0.6075000166893005,134.4774932861328,2.3930001258850098,0.7125000357627869,134.5225067138672,2.4010000228881836
0.6075000166893005,134.8074951171875,2.3930001258850098,0.7125000357627869,134.85250854492188,2.4010000228881836
0.6075000166893005,135.1374969482422,2.3930001258850098,0.7125000357627869,135.18251037597656,2.4010000228881836
0.6075000166893005,135.46749877929688,2.3930001258850098,0.7125000357627869,135.51251220703125,2.4010000228881836
0.6075000166893005,135.79750061035156,2.3930001258850098,0.7125000357627869,135.84251403808594,2.4010000228881836
0.6075000166893005,136.1274871826172,2.3930001258850098,0.7125000357627869,136.17250061035156,2.4010000228881836
0.6075000166893005,136.45748901367188,2.3930001258850098,0.7125000357627869,136.50250244140625,2.4010000228881836
0.6075000166893005,136.78749084472656,2.3930001258850098,0.7125000357627869,136.83250427246094,2.4010000228881836
0.6075000166893005,137.11749267578125,2.3930001258850098,0.7125000357627869,137.16250610351562,2.4010000228881836
0.6075000166893005,137.44749450683594,2.3930001258850098,0.7125000357627869,137.4925079345703,2.4010000228881836
0.6075000166893005,137.77749633789062,2.3930001258850098,0.7125000357627869,137.822509765625,2.4010000228881836
0.6075000166893005,138.1074981689453,2.3930001258850098,0.7125000357627869,138.1525115966797,2.4010000228881836
0.6075000166893005,138.4375,2.3930001258850098,0.7125000357627869,138.48251342773438,2.4010000228881836
0.6075000166893005,138.76748657226562,2.3930001258850098,0.7125000357627869,138.8125,2.4010000228881836
0.6075000166893005,139.0974884033203,2.3930001258850098,0.7125000357627869,139.1425018310547,2.4010000228881836
0.6075000166893005,139.427490234375,2.3930001258850098,0.7125000357627869,139.47250366210938,2.4010000228881836
0.6075000166893005,139.7574920654297,2.3930001258850098,0.7125000357627869,139.80250549316406,2.4010000228881836
0.6075000166893005,140.08749389648438,2.3930001258850098,0.7125000357627869,140.13250732421875,2.4010000228881836
0.6075000166893005,140.41749572753906,2.3930001258850098,0.7125000357627869,140.46250915527344,2.4010000228881836
0.6075000166893005,140.74749755859375,2.3930001258850098,0.7125000357627869,140.79251098632812,2.4010000228881836
0.6075000166893005,141.07749938964844,2.3930001258850098,0.7125000357627869,141.1225128173828,2.4010000228881836
0.6075000166893005,141.40748596191406,2.3930001258850098,0.7125000357627869,141.45249938964844,2.4010000228881836
0.6075000166893005,141.73748779296875,2.3930001258850098,0.7125000357627869,141.78250122070312,2.4010000228881836
0.6075000166893005,142.06748962402344,2.3930001258850098,0.7125000357627869,142.1125030517578,2.4010000228881836
0.6075000166893005,142.39749145507812,2.3930001258850098,0.7125000357627869,142.4425048828125,2.4010000228881836
0.6075000166893005,142.7274932861328,2.3930001258850098,0.7125000357627869,142.7725067138672,2.4010000228881836
0.6075000166893005,143.0574951171875,2.3930001258850098,0.7125000357627869,143.10250854492188,2.4010000228881836
0.6075000166893005,143.3874969482422,2.3930001258850098,0.7125000357627869,143.43251037597656,2.4010000228881836
0.6075000166893005,143.71749877929688,2.3930001258850098,0.7125000357627869,143.76251220703125,2.4010000228881836
0.6075000166893005,144.04750061035156,2.3930001258850098,0.7125000357627869,144.09251403808594,2.4010000228881836
0.6075000166893005,144.3774871826172,2.3930001258850098,0.7125000357627869,144.42250061035156,2.4010000228881836
0.6075000166893005,144.70748901367188,2.3930001258850098,0.7125000357627869,144.75250244140625,2.4010000228881836
0.6075000166893005,145.03749084472656,2.3930001258850098,0.7125000357627869,145.08250427246094,2.4010000228881836
0.6075000166893005,145.36749267578125,2.3930001258850098,0.7125000357627869,145.41250610351562,2.4010000228881836
0.6075000166893005,145.69749450683594,2.3930001258850098,0.7125000357627869,145.7425079345703,2.4010000228881836
0.6075000166893005,146.02749633789062,2.3930001258850098,0.7125000357627869,146.072509765625,2.4010000228881836
0.6075000166893005,146.3574981689453,2.3930001258850098,0.7125000357627869,146.4025115966797,2.4010000228881836
0.6075000166893005,146.6875,2.3930001258850098,0.7125000357627869,146.73251342773438,2.4010000228881836
0.6075000166893005,147.01748657226562,2.3930001258850098,0.7125000357627869,147.0625,2.4010000228881836
0.6075000166893005,147.3474884033203,2.3930001258850098,0.7125000357627869,147.3925018310547,2.4010000228881836
0.6075000166893005,147.677490234375,2.3930001258850098,0.7125000357627869,147.72250366210938,2.4010000228881836
0.6075000166893005,148.0074920654297,2.3930001258850098,0.7125000357627869,148.05250549316406,2.4010000228881836
0.6075000166893005,148.33749389648438,2.3930001258850098,0.7125000357627869,148.38250732421875,2.4010000228881836
0.6075000166893005,148.66749572753906,2.3930001258850098,0.7125000357627869,148.71250915527344,2.4010000228881836
0.6075000166893005,148.99749755859375,2.3930001258850098,0.7125000357627869,149.04251098632812,2.4010000228881836
0.6075000166893005,149.32749938964844,2.3930001258850098,0.7125000357627869,149.3725128173828,2.4010000228881836
0.6075000166893005,149.65748596191406,2.3930001258850098,0.7125000357627869,149.70249938964844,2.4010000228881836
-0.054999999701976776,128.94500732421875,2.36899995803833,0.054999999701976776,129.05499267578125,2.4029998779296875
-0.05999999865889549,129.19000244140625,2.392500162124634,0.05999999865889549,129.30999755859375,2.4075000286102295
-0.054999999701976776,133.94500732421875,2.36899995803833,0.054999999701976776,134.05499267578125,2.4029998779296875
-0.05999999865889549,134.19000244140625,2.392500162124634,0.05999999865889549,134.30999755859375,2.4075000286102295
-0.054999999701976776,138.94500732421875,2.36899995803833,0.054999999701976776,139.05499267578125,2.4029998779296875
-0.05999999865889549,139.19000244140625,2.392500162124634,0.05999999865889549,139.30999755859375,2.4075000286102295
-0.054999999701976776,143.94500732421875,2.36899995803833,0.054999999701976776,144.05499267578125,2.4029998779296875
-0.05999999865889549,144.19000244140625,2.392500162124634,0.05999999865889549,144.30999755859375,2.4075000286102295
-0.054999999701976776,147.94500732421875,2.36899995803833,0.054999999701976776,148.05499267578125,2.4029998779296875
-0.05999999865889549,148.19000244140625,2.392500162124634,0.05999999865889549,148.30999755859375,2.4075000286102295
-1.3240000009536743,137.0760040283203,2.3514997959136963,-1.275999903678894,137.12400817871094,2.368499994277954
-0.8039999604225159,137.0760040283203,2.3514997959136963,-0.7559999823570251,137.12400817871094,2.368499994277954
-0.2839999794960022,137.0760040283203,2.3514997959136963,-0.23599998652935028,137.12400817871094,2.368499994277954
0.7559999823570251,137.0760040283203,2.3514997959136963,0.8039999604225159,137.12400817871094,2.368499994277954
1.275999903678894,137.0760040283203,2.3514997959136963,1.3240000009536743,137.12400817871094,2.368499994277954
-1.3240000009536743,138.00599670410156,2.3514997959136963,-1.275999903678894,138.0540008544922,2.368499994277954
-0.8039999604225159,138.00599670410156,2.3514997959136963,-0.7559999823570251,138.0540008544922,2.368499994277954
-0.2839999794960022,138.00599670410156,2.3514997959136963,-0.23599998652935028,138.0540008544922,2.368499994277954
0.7559999823570251,138.00599670410156,2.3514997959136963,0.8039999604225159,138.0540008544922,2.368499994277954
1.275999903678894,138.00599670410156,2.3514997959136963,1.3240000009536743,138.0540008544922,2.368499994277954
-1.3240000009536743,138.93600463867188,2.3514997959136963,-1.275999903678894,138.9840087890625,2.368499994277954
-0.8039999604225159,138.93600463867188,2.3514997959136963,-0.7559999823570251,138.9840087890625,2.368499994277954
-0.2839999794960022,138.93600463867188,2.3514997959136963,-0.23599998652935028,138.9840087890625,2.368499994277954
0.7559999823570251,138.93600463867188,2.3514997959136963,0.8039999604225159,138.9840087890625,2.368499994277954
1.275999903678894,138.93600463867188,2.3514997959136963,1.3240000009536743,138.9840087890625,2.368499994277954
-1.3240000009536743,139.86599731445312,2.3514997959136963,-1.275999903678894,139.91400146484375,2.368499994277954
-0.8039999604225159,139.86599731445312,2.3514997959136963,-0.7559999823570251,139.91400146484375,2.368499994277954
-0.2839999794960022,139.86599731445312,2.3514997959136963,-0.23599998652935028,139.91400146484375,2.368499994277954
0.7559999823570251,139.86599731445312,2.3514997959136963,0.8039999604225159,139.91400146484375,2.368499994277954
1.275999903678894,139.86599731445312,2.3514997959136963,1.3240000009536743,139.91400146484375,2.368499994277954
-1.3240000009536743,141.39599609375,2.3514997959136963,-1.275999903678894,141.44400024414062,2.368499994277954
-0.8039999604225159,141.39599609375,2.3514997959136963,-0.7559999823570251,141.44400024414062,2.368499994277954
-0.2839999794960022,141.39599609375,2.3514997959136963,-0.23599998652935028,141.44400024414062,2.368499994277954
0.7559999823570251,141.39599609375,2.3514997959136963,0.8039999604225159,141.44400024414062,2.368499994277954
1.275999903678894,141.39599609375,2.3514997959136963,1.3240000009536743,141.44400024414062,2.368499994277954
-1.3240000009536743,142.3260040283203,2.3514997959136963,-1.275999903678894,142.37400817871094,2.368499994277954
-0.8039999604225159,142.3260040283203,2.3514997959136963,-0.7559999823570251,142.37400817871094,2.368499994277954
-0.2839999794960022,142.3260040283203,2.3514997959136963,-0.23599998652935028,142.37400817871094,2.368499994277954
0.7559999823570251,142.3260040283203,2.3514997959136963,0.8039999604225159,142.37400817871094,2.368499994277954
1.275999903678894,142.3260040283203,2.3514997959136963,1.3240000009536743,142.37400817871094,2.368499994277954
-1.3240000009536743,143.25599670410156,2.3514997959136963,-1.275999903678894,143.3040008544922,2.368499994277954
-0.8039999604225159,143.25599670410156,2.3514997959136963,-0.7559999823570251,143.3040008544922,2.368499994277954
-0.2839999794960022,143.25599670410156,2.3514997959136963,-0.23599998652935028,143.3040008544922,2.368499994277954
0.7559999823570251,143.25599670410156,2.3514997959136963,0.8039999604225159,143.3040008544922,2.368499994277954
1.275999903678894,143.25599670410156,2.3514997959136963,1.3240000009536743,143.3040008544922,2.368499994277954
-1.3240000009536743,144.18600463867188,2.3514997959136963,-1.275999903678894,144.2340087890625,2.368499994277954
-0.8039999604225159,144.18600463867188,2.3514997959136963,-0.7559999823570251,144.2340087890625,2.368499994277954
-0.2839999794960022,144.18600463867188,2.3514997959136963,-0.23599998652935028,144.2340087890625,2.368499994277954
0.7559999823570251,144.18600463867188,2.3514997959136963,0.8039999604225159,144.2340087890625,2.368499994277954
1.275999903678894,144.18600463867188,2.3514997959136963,1.3240000009536743,144.2340087890625,2.368499994277954